Site Name ,ODYLIGHT002
Site Number ,1
Logger ,Integrating Light Sensor
Logger Serial Number ,15889


Scan No ,Date and Time,       Integrating Light,        ,
        ,        ,RAW VALUE ,CALIBRATED VALUE,

1,27/07/2023 , 10:39:10,3386,2795.3
2,27/07/2023 , 10:54:10,4705,3884.2
3,27/07/2023 , 11:09:10,1773,1463.7
4,27/07/2023 , 11:24:10,2017,1665.2
5,27/07/2023 , 11:39:10,4025,3322.9
6,27/07/2023 , 11:54:10,7605,6278.4
7,27/07/2023 , 12:09:10,9668,7981.5
8,27/07/2023 , 12:24:10,10488,8658.5
9,27/07/2023 , 12:39:10,5009,4135.2
10,27/07/2023 , 12:54:10,10885,8986.2
11,27/07/2023 , 13:09:10,8701,7183.2
12,27/07/2023 , 13:24:10,10289,8494.2
13,27/07/2023 , 13:39:10,8114,6698.6
14,27/07/2023 , 13:54:10,10593,8745.1
15,27/07/2023 , 14:09:10,10798,8914.4
16,27/07/2023 , 14:24:10,10654,8795.5
17,27/07/2023 , 14:39:10,10352,8546.2
18,27/07/2023 , 14:54:10,10002,8257.2
19,27/07/2023 , 15:09:10,9799,8089.6
20,27/07/2023 , 15:24:10,9479,7825.5
21,27/07/2023 , 15:39:10,8951,7389.6
22,27/07/2023 , 15:54:10,7366,6081.1
23,27/07/2023 , 16:09:10,7854,6483.9
24,27/07/2023 , 16:24:10,5331,4401
25,27/07/2023 , 16:39:10,7252,5986.9
26,27/07/2023 , 16:54:10,6373,5261.3
27,27/07/2023 , 17:09:10,5828,4811.4
28,27/07/2023 , 17:24:10,5372,4434.9
29,27/07/2023 , 17:39:10,4943,4080.7
30,27/07/2023 , 17:54:10,3739,3086.8
31,27/07/2023 , 18:09:10,4540,3748
32,27/07/2023 , 18:24:10,4258,3515.2
33,27/07/2023 , 18:39:10,1831,1511.6
34,27/07/2023 , 18:54:10,1304,1076.5
35,27/07/2023 , 19:09:10,1334,1101.3
36,27/07/2023 , 19:24:10,1470,1213.6
37,27/07/2023 , 19:39:10,946,781
38,27/07/2023 , 19:54:10,441,364.1
39,27/07/2023 , 20:09:10,212,175
40,27/07/2023 , 20:24:10,76,62.7
41,27/07/2023 , 20:39:10,9,7.4
42,27/07/2023 , 20:54:10,0,0
43,27/07/2023 , 21:09:10,0,0
44,27/07/2023 , 21:24:10,0,0
45,27/07/2023 , 21:39:10,0,0
46,27/07/2023 , 21:54:10,0,0
47,27/07/2023 , 22:09:10,0,0
48,27/07/2023 , 22:24:10,0,0
49,27/07/2023 , 22:39:10,0,0
50,27/07/2023 , 22:54:10,0,0
51,27/07/2023 , 23:09:10,0,0
52,27/07/2023 , 23:24:10,0,0
53,27/07/2023 , 23:39:10,0,0
54,27/07/2023 , 23:54:10,0,0
55,28/07/2023 , 00:09:10,0,0
56,28/07/2023 , 00:24:10,0,0
57,28/07/2023 , 00:39:10,0,0
58,28/07/2023 , 00:54:10,0,0
59,28/07/2023 , 01:09:10,0,0
60,28/07/2023 , 01:24:10,0,0
61,28/07/2023 , 01:39:10,0,0
62,28/07/2023 , 01:54:10,0,0
63,28/07/2023 , 02:09:10,0,0
64,28/07/2023 , 02:24:10,0,0
65,28/07/2023 , 02:39:10,0,0
66,28/07/2023 , 02:54:10,0,0
67,28/07/2023 , 03:09:10,0,0
68,28/07/2023 , 03:24:10,0,0
69,28/07/2023 , 03:39:10,0,0
70,28/07/2023 , 03:54:10,0,0
71,28/07/2023 , 04:09:10,0,0
72,28/07/2023 , 04:24:10,0,0
73,28/07/2023 , 04:39:10,0,0
74,28/07/2023 , 04:54:10,0,0
75,28/07/2023 , 05:09:10,0,0
76,28/07/2023 , 05:24:10,0,0
77,28/07/2023 , 05:39:10,0,0
78,28/07/2023 , 05:54:10,0,0
79,28/07/2023 , 06:09:10,0,0
80,28/07/2023 , 06:24:10,4,3.3
81,28/07/2023 , 06:39:10,57,47.1
82,28/07/2023 , 06:54:10,181,149.4
83,28/07/2023 , 07:09:10,359,296.4
84,28/07/2023 , 07:24:10,534,440.8
85,28/07/2023 , 07:39:10,604,498.6
86,28/07/2023 , 07:54:10,592,488.7
87,28/07/2023 , 08:09:10,1039,857.8
88,28/07/2023 , 08:24:10,2554,2108.5
89,28/07/2023 , 08:39:10,3091,2551.8
90,28/07/2023 , 08:54:10,3137,2589.8
91,28/07/2023 , 09:09:10,3680,3038.1
92,28/07/2023 , 09:24:10,4297,3547.4
93,28/07/2023 , 09:39:10,4100,3384.8
94,28/07/2023 , 09:54:10,5234,4321
95,28/07/2023 , 10:09:10,5802,4789.9
96,28/07/2023 , 10:24:10,6386,5272
97,28/07/2023 , 10:39:10,6930,5721.1
98,28/07/2023 , 10:54:10,7144,5897.8
99,28/07/2023 , 11:09:10,8155,6732.4
100,28/07/2023 , 11:24:10,8561,7067.6
101,28/07/2023 , 11:39:10,8067,6659.8
102,28/07/2023 , 11:54:10,9239,7627.3
103,28/07/2023 , 12:09:10,9759,8056.6
104,28/07/2023 , 12:24:10,10267,8476
105,28/07/2023 , 12:39:10,10535,8697.3
106,28/07/2023 , 12:54:10,10677,8814.5
107,28/07/2023 , 13:09:10,10582,8736.1
108,28/07/2023 , 13:24:10,9902,8174.7
109,28/07/2023 , 13:39:10,10222,8438.9
110,28/07/2023 , 13:54:10,10858,8963.9
111,28/07/2023 , 14:09:10,10534,8696.4
112,28/07/2023 , 14:24:10,10194,8415.7
113,28/07/2023 , 14:39:10,9707,8013.7
114,28/07/2023 , 14:54:10,9747,8046.7
115,28/07/2023 , 15:09:10,9176,7575.3
116,28/07/2023 , 15:24:10,8929,7371.4
117,28/07/2023 , 15:39:10,8450,6976
118,28/07/2023 , 15:54:10,7347,6065.4
119,28/07/2023 , 16:09:10,7361,6076.9
120,28/07/2023 , 16:24:10,6559,5414.8
121,28/07/2023 , 16:39:10,6100,5035.9
122,28/07/2023 , 16:54:10,5702,4707.3
123,28/07/2023 , 17:09:10,5268,4349
124,28/07/2023 , 17:24:10,4680,3863.6
125,28/07/2023 , 17:39:10,4429,3656.4
126,28/07/2023 , 17:54:10,4001,3303.1
127,28/07/2023 , 18:09:10,3067,2532
128,28/07/2023 , 18:24:10,2968,2450.3
129,28/07/2023 , 18:39:10,2452,2024.3
130,28/07/2023 , 18:54:10,1939,1600.8
131,28/07/2023 , 19:09:10,1500,1238.3
132,28/07/2023 , 19:24:10,1130,932.9
133,28/07/2023 , 19:39:10,716,591.1
134,28/07/2023 , 19:54:10,398,328.6
135,28/07/2023 , 20:09:10,186,153.6
136,28/07/2023 , 20:24:10,58,47.9
137,28/07/2023 , 20:39:10,7,5.8
138,28/07/2023 , 20:54:10,0,0
139,28/07/2023 , 21:09:10,0,0
140,28/07/2023 , 21:24:10,0,0
141,28/07/2023 , 21:39:10,0,0
142,28/07/2023 , 21:54:10,0,0
143,28/07/2023 , 22:09:10,0,0
144,28/07/2023 , 22:24:10,0,0
145,28/07/2023 , 22:39:10,0,0
146,28/07/2023 , 22:54:10,0,0
147,28/07/2023 , 23:09:10,0,0
148,28/07/2023 , 23:24:10,0,0
149,28/07/2023 , 23:39:10,0,0
150,28/07/2023 , 23:54:10,0,0
151,29/07/2023 , 00:09:10,0,0
152,29/07/2023 , 00:24:10,0,0
153,29/07/2023 , 00:39:10,0,0
154,29/07/2023 , 00:54:10,0,0
155,29/07/2023 , 01:09:10,0,0
156,29/07/2023 , 01:24:10,0,0
157,29/07/2023 , 01:39:10,0,0
158,29/07/2023 , 01:54:10,0,0
159,29/07/2023 , 02:09:10,0,0
160,29/07/2023 , 02:24:10,0,0
161,29/07/2023 , 02:39:10,0,0
162,29/07/2023 , 02:54:10,0,0
163,29/07/2023 , 03:09:10,0,0
164,29/07/2023 , 03:24:10,0,0
165,29/07/2023 , 03:39:10,0,0
166,29/07/2023 , 03:54:10,0,0
167,29/07/2023 , 04:09:10,0,0
168,29/07/2023 , 04:24:10,0,0
169,29/07/2023 , 04:39:10,0,0
170,29/07/2023 , 04:54:10,0,0
171,29/07/2023 , 05:09:10,0,0
172,29/07/2023 , 05:24:10,0,0
173,29/07/2023 , 05:39:10,0,0
174,29/07/2023 , 05:54:10,0,0
175,29/07/2023 , 06:09:10,0,0
176,29/07/2023 , 06:24:10,3,2.5
177,29/07/2023 , 06:39:10,51,42.1
178,29/07/2023 , 06:54:10,163,134.6
179,29/07/2023 , 07:09:10,362,298.9
180,29/07/2023 , 07:24:10,552,455.7
181,29/07/2023 , 07:39:10,1202,992.3
182,29/07/2023 , 07:54:10,1484,1225.1
183,29/07/2023 , 08:09:10,1788,1476.1
184,29/07/2023 , 08:24:10,1846,1524
185,29/07/2023 , 08:39:10,2065,1704.8
186,29/07/2023 , 08:54:10,2895,2390
187,29/07/2023 , 09:09:10,2416,1994.5
188,29/07/2023 , 09:24:10,4332,3576.3
189,29/07/2023 , 09:39:10,4841,3996.5
190,29/07/2023 , 09:54:10,5508,4547.2
191,29/07/2023 , 10:09:10,5381,4442.3
192,29/07/2023 , 10:24:10,6554,5410.7
193,29/07/2023 , 10:39:10,5266,4347.4
194,29/07/2023 , 10:54:10,7597,6271.8
195,29/07/2023 , 11:09:10,7640,6307.3
196,29/07/2023 , 11:24:10,8410,6942.9
197,29/07/2023 , 11:39:10,9444,7796.6
198,29/07/2023 , 11:54:10,7832,6465.8
199,29/07/2023 , 12:09:10,10261,8471
200,29/07/2023 , 12:24:10,10580,8734.4
201,29/07/2023 , 12:39:10,10824,8935.8
202,29/07/2023 , 12:54:10,11203,9248.7
203,29/07/2023 , 13:09:10,10427,8608.1
204,29/07/2023 , 13:24:10,9225,7615.8
205,29/07/2023 , 13:39:10,7102,5863.1
206,29/07/2023 , 13:54:10,5335,4404.4
207,29/07/2023 , 14:09:10,8286,6840.6
208,29/07/2023 , 14:24:10,11003,9083.6
209,29/07/2023 , 14:39:10,8859,7313.6
210,29/07/2023 , 14:54:10,8647,7138.6
211,29/07/2023 , 15:09:10,8763,7234.4
212,29/07/2023 , 15:24:10,7324,6046.4
213,29/07/2023 , 15:39:10,8287,6841.4
214,29/07/2023 , 15:54:10,7846,6477.3
215,29/07/2023 , 16:09:10,7518,6206.5
216,29/07/2023 , 16:24:10,7101,5862.3
217,29/07/2023 , 16:39:10,6488,5356.2
218,29/07/2023 , 16:54:10,5892,4864.2
219,29/07/2023 , 17:09:10,5282,4360.6
220,29/07/2023 , 17:24:10,4724,3899.9
221,29/07/2023 , 17:39:10,4200,3467.3
222,29/07/2023 , 17:54:10,3483,2875.4
223,29/07/2023 , 18:09:10,3149,2599.7
224,29/07/2023 , 18:24:10,2081,1718
225,29/07/2023 , 18:39:10,2042,1685.8
226,29/07/2023 , 18:54:10,1131,933.7
227,29/07/2023 , 19:09:10,1477,1219.3
228,29/07/2023 , 19:24:10,1183,976.6
229,29/07/2023 , 19:39:10,674,556.4
230,29/07/2023 , 19:54:10,335,276.6
231,29/07/2023 , 20:09:10,138,113.9
232,29/07/2023 , 20:24:10,48,39.6
233,29/07/2023 , 20:39:10,6,5
234,29/07/2023 , 20:54:10,0,0
235,29/07/2023 , 21:09:10,0,0
236,29/07/2023 , 21:24:10,0,0
237,29/07/2023 , 21:39:10,0,0
238,29/07/2023 , 21:54:10,0,0
239,29/07/2023 , 22:09:10,0,0
240,29/07/2023 , 22:24:10,0,0
241,29/07/2023 , 22:39:10,0,0
242,29/07/2023 , 22:54:10,0,0
243,29/07/2023 , 23:09:10,0,0
244,29/07/2023 , 23:24:10,0,0
245,29/07/2023 , 23:39:10,0,0
246,29/07/2023 , 23:54:10,0,0
247,30/07/2023 , 00:09:10,0,0
248,30/07/2023 , 00:24:10,0,0
249,30/07/2023 , 00:39:10,0,0
250,30/07/2023 , 00:54:10,0,0
251,30/07/2023 , 01:09:10,0,0
252,30/07/2023 , 01:24:10,0,0
253,30/07/2023 , 01:39:10,0,0
254,30/07/2023 , 01:54:10,0,0
255,30/07/2023 , 02:09:10,0,0
256,30/07/2023 , 02:24:10,0,0
257,30/07/2023 , 02:39:10,0,0
258,30/07/2023 , 02:54:10,0,0
259,30/07/2023 , 03:09:10,0,0
260,30/07/2023 , 03:24:10,0,0
261,30/07/2023 , 03:39:10,0,0
262,30/07/2023 , 03:54:10,0,0
263,30/07/2023 , 04:09:10,0,0
264,30/07/2023 , 04:24:10,0,0
265,30/07/2023 , 04:39:10,0,0
266,30/07/2023 , 04:54:10,0,0
267,30/07/2023 , 05:09:10,0,0
268,30/07/2023 , 05:24:10,0,0
269,30/07/2023 , 05:39:10,0,0
270,30/07/2023 , 05:54:10,0,0
271,30/07/2023 , 06:09:10,0,0
272,30/07/2023 , 06:24:10,2,1.7
273,30/07/2023 , 06:39:10,50,41.3
274,30/07/2023 , 06:54:10,172,142
275,30/07/2023 , 07:09:10,359,296.4
276,30/07/2023 , 07:24:10,588,485.4
277,30/07/2023 , 07:39:10,876,723.2
278,30/07/2023 , 07:54:10,1212,1000.6
279,30/07/2023 , 08:09:10,1568,1294.5
280,30/07/2023 , 08:24:10,1997,1648.6
281,30/07/2023 , 08:39:10,2452,2024.3
282,30/07/2023 , 08:54:10,2817,2325.6
283,30/07/2023 , 09:09:10,3645,3009.2
284,30/07/2023 , 09:24:10,3755,3100
285,30/07/2023 , 09:39:10,4630,3822.3
286,30/07/2023 , 09:54:10,5343,4411
287,30/07/2023 , 10:09:10,6034,4981.4
288,30/07/2023 , 10:24:10,6542,5400.8
289,30/07/2023 , 10:39:10,6984,5765.7
290,30/07/2023 , 10:54:10,7852,6482.3
291,30/07/2023 , 11:09:10,8426,6956.2
292,30/07/2023 , 11:24:10,9091,7505.1
293,30/07/2023 , 11:39:10,8950,7388.7
294,30/07/2023 , 11:54:10,9412,7770.2
295,30/07/2023 , 12:09:10,9889,8163.9
296,30/07/2023 , 12:24:10,10236,8450.4
297,30/07/2023 , 12:39:10,7917,6535.9
298,30/07/2023 , 12:54:10,11202,9247.9
299,30/07/2023 , 13:09:10,9352,7720.6
300,30/07/2023 , 13:24:10,9984,8242.4
301,30/07/2023 , 13:39:10,9675,7987.3
302,30/07/2023 , 13:54:10,10535,8697.3
303,30/07/2023 , 14:09:10,9825,8111.1
304,30/07/2023 , 14:24:10,10418,8600.7
305,30/07/2023 , 14:39:10,8181,6753.9
306,30/07/2023 , 14:54:10,9875,8152.4
307,30/07/2023 , 15:09:10,9534,7870.9
308,30/07/2023 , 15:24:10,9711,8017
309,30/07/2023 , 15:39:10,8808,7271.5
310,30/07/2023 , 15:54:10,8857,7312
311,30/07/2023 , 16:09:10,7698,6355.1
312,30/07/2023 , 16:24:10,7500,6191.7
313,30/07/2023 , 16:39:10,7120,5878
314,30/07/2023 , 16:54:10,6391,5276.1
315,30/07/2023 , 17:09:10,5518,4555.4
316,30/07/2023 , 17:24:10,3333,2751.6
317,30/07/2023 , 17:39:10,3635,3000.9
318,30/07/2023 , 17:54:10,3282,2709.5
319,30/07/2023 , 18:09:10,2844,2347.9
320,30/07/2023 , 18:24:10,2272,1875.7
321,30/07/2023 , 18:39:10,1917,1582.6
322,30/07/2023 , 18:54:10,1672,1380.3
323,30/07/2023 , 19:09:10,1632,1347.3
324,30/07/2023 , 19:24:10,1344,1109.5
325,30/07/2023 , 19:39:10,676,558.1
326,30/07/2023 , 19:54:10,295,243.5
327,30/07/2023 , 20:09:10,158,130.4
328,30/07/2023 , 20:24:10,59,48.7
329,30/07/2023 , 20:39:10,5,4.1
330,30/07/2023 , 20:54:10,0,0
331,30/07/2023 , 21:09:10,0,0
332,30/07/2023 , 21:24:10,0,0
333,30/07/2023 , 21:39:10,0,0
334,30/07/2023 , 21:54:10,0,0
335,30/07/2023 , 22:09:10,0,0
336,30/07/2023 , 22:24:10,0,0
337,30/07/2023 , 22:39:10,0,0
338,30/07/2023 , 22:54:10,0,0
339,30/07/2023 , 23:09:10,0,0
340,30/07/2023 , 23:24:10,0,0
341,30/07/2023 , 23:39:10,0,0
342,30/07/2023 , 23:54:10,0,0
343,31/07/2023 , 00:09:10,0,0
344,31/07/2023 , 00:24:10,0,0
345,31/07/2023 , 00:39:10,0,0
346,31/07/2023 , 00:54:10,0,0
347,31/07/2023 , 01:09:10,0,0
348,31/07/2023 , 01:24:10,0,0
349,31/07/2023 , 01:39:10,0,0
350,31/07/2023 , 01:54:10,0,0
351,31/07/2023 , 02:09:10,0,0
352,31/07/2023 , 02:24:10,0,0
353,31/07/2023 , 02:39:10,0,0
354,31/07/2023 , 02:54:10,0,0
355,31/07/2023 , 03:09:10,0,0
356,31/07/2023 , 03:24:10,0,0
357,31/07/2023 , 03:39:10,0,0
358,31/07/2023 , 03:54:10,0,0
359,31/07/2023 , 04:09:10,0,0
360,31/07/2023 , 04:24:10,0,0
361,31/07/2023 , 04:39:10,0,0
362,31/07/2023 , 04:54:10,0,0
363,31/07/2023 , 05:09:10,0,0
364,31/07/2023 , 05:24:10,0,0
365,31/07/2023 , 05:39:10,0,0
366,31/07/2023 , 05:54:10,0,0
367,31/07/2023 , 06:09:10,0,0
368,31/07/2023 , 06:24:10,2,1.7
369,31/07/2023 , 06:39:10,42,34.7
370,31/07/2023 , 06:54:10,157,129.6
371,31/07/2023 , 07:09:10,332,274.1
372,31/07/2023 , 07:24:10,558,460.7
373,31/07/2023 , 07:39:10,832,686.9
374,31/07/2023 , 07:54:10,1145,945.3
375,31/07/2023 , 08:09:10,1781,1470.3
376,31/07/2023 , 08:24:10,1884,1555.4
377,31/07/2023 , 08:39:10,2556,2110.1
378,31/07/2023 , 08:54:10,3199,2641
379,31/07/2023 , 09:09:10,3689,3045.5
380,31/07/2023 , 09:24:10,4161,3435.1
381,31/07/2023 , 09:39:10,4841,3996.5
382,31/07/2023 , 09:54:10,5477,4521.6
383,31/07/2023 , 10:09:10,6125,5056.5
384,31/07/2023 , 10:24:10,6730,5556
385,31/07/2023 , 10:39:10,7335,6055.5
386,31/07/2023 , 10:54:10,7777,6420.4
387,31/07/2023 , 11:09:10,8503,7019.7
388,31/07/2023 , 11:24:10,7531,6217.3
389,31/07/2023 , 11:39:10,9649,7965.8
390,31/07/2023 , 11:54:10,10113,8348.9
391,31/07/2023 , 12:09:10,10535,8697.3
392,31/07/2023 , 12:24:10,10656,8797.1
393,31/07/2023 , 12:39:10,11430,9436.1
394,31/07/2023 , 12:54:10,10444,8622.1
395,31/07/2023 , 13:09:10,11814,9753.1
396,31/07/2023 , 13:24:10,11418,9426.2
397,31/07/2023 , 13:39:10,10758,8881.4
398,31/07/2023 , 13:54:10,11781,9725.9
399,31/07/2023 , 14:09:10,11255,9291.7
400,31/07/2023 , 14:24:10,6000,4953.3
401,31/07/2023 , 14:39:10,3603,2974.5
402,31/07/2023 , 14:54:10,3698,3052.9
403,31/07/2023 , 15:09:10,4212,3477.2
404,31/07/2023 , 15:24:10,5684,4692.5
405,31/07/2023 , 15:39:10,5046,4165.8
406,31/07/2023 , 15:54:10,8767,7237.7
407,31/07/2023 , 16:09:10,8044,6640.8
408,31/07/2023 , 16:24:10,7235,5972.9
409,31/07/2023 , 16:39:10,6346,5239
410,31/07/2023 , 16:54:10,5678,4687.5
411,31/07/2023 , 17:09:10,4926,4066.7
412,31/07/2023 , 17:24:10,4659,3846.3
413,31/07/2023 , 17:39:10,4601,3798.4
414,31/07/2023 , 17:54:10,3631,2997.6
415,31/07/2023 , 18:09:10,2926,2415.6
416,31/07/2023 , 18:24:10,1287,1062.5
417,31/07/2023 , 18:39:10,1234,1018.7
418,31/07/2023 , 18:54:10,1308,1079.8
419,31/07/2023 , 19:09:10,1209,998.1
420,31/07/2023 , 19:24:10,806,665.4
421,31/07/2023 , 19:39:10,502,414.4
422,31/07/2023 , 19:54:10,243,200.6
423,31/07/2023 , 20:09:10,111,91.6
424,31/07/2023 , 20:24:10,34,28.1
425,31/07/2023 , 20:39:10,3,2.5
426,31/07/2023 , 20:54:10,0,0
427,31/07/2023 , 21:09:10,0,0
428,31/07/2023 , 21:24:10,0,0
429,31/07/2023 , 21:39:10,0,0
430,31/07/2023 , 21:54:10,0,0
431,31/07/2023 , 22:09:10,0,0
432,31/07/2023 , 22:24:10,0,0
433,31/07/2023 , 22:39:10,0,0
434,31/07/2023 , 22:54:10,0,0
435,31/07/2023 , 23:09:10,0,0
436,31/07/2023 , 23:24:10,0,0
437,31/07/2023 , 23:39:10,0,0
438,31/07/2023 , 23:54:10,0,0
439,01/08/2023 , 00:09:10,0,0
440,01/08/2023 , 00:24:10,0,0
441,01/08/2023 , 00:39:10,0,0
442,01/08/2023 , 00:54:10,0,0
443,01/08/2023 , 01:09:10,0,0
444,01/08/2023 , 01:24:10,0,0
445,01/08/2023 , 01:39:10,0,0
446,01/08/2023 , 01:54:10,0,0
447,01/08/2023 , 02:09:10,0,0
448,01/08/2023 , 02:24:10,0,0
449,01/08/2023 , 02:39:10,0,0
450,01/08/2023 , 02:54:10,0,0
451,01/08/2023 , 03:09:10,0,0
452,01/08/2023 , 03:24:10,0,0
453,01/08/2023 , 03:39:10,0,0
454,01/08/2023 , 03:54:10,0,0
455,01/08/2023 , 04:09:10,0,0
456,01/08/2023 , 04:24:10,0,0
457,01/08/2023 , 04:39:10,0,0
458,01/08/2023 , 04:54:10,0,0
459,01/08/2023 , 05:09:10,0,0
460,01/08/2023 , 05:24:10,0,0
461,01/08/2023 , 05:39:10,0,0
462,01/08/2023 , 05:54:10,0,0
463,01/08/2023 , 06:09:10,0,0
464,01/08/2023 , 06:24:10,0,0
465,01/08/2023 , 06:39:10,10,8.3
466,01/08/2023 , 06:54:10,45,37.2
467,01/08/2023 , 07:09:10,127,104.8
468,01/08/2023 , 07:24:10,202,166.8
469,01/08/2023 , 07:39:10,319,263.4
470,01/08/2023 , 07:54:10,406,335.2
471,01/08/2023 , 08:09:10,464,383.1
472,01/08/2023 , 08:24:10,642,530
473,01/08/2023 , 08:39:10,1050,866.8
474,01/08/2023 , 08:54:10,1483,1224.3
475,01/08/2023 , 09:09:10,1775,1465.4
476,01/08/2023 , 09:24:10,2100,1733.7
477,01/08/2023 , 09:39:10,2546,2101.9
478,01/08/2023 , 09:54:10,3577,2953
479,01/08/2023 , 10:09:10,5134,4238.4
480,01/08/2023 , 10:24:10,5017,4141.8
481,01/08/2023 , 10:39:10,6721,5548.6
482,01/08/2023 , 10:54:10,4888,4035.3
483,01/08/2023 , 11:09:10,4024,3322
484,01/08/2023 , 11:24:10,3825,3157.8
485,01/08/2023 , 11:39:10,4041,3336.1
486,01/08/2023 , 11:54:10,3832,3163.5
487,01/08/2023 , 12:09:10,4008,3308.8
488,01/08/2023 , 12:24:10,4384,3619.2
489,01/08/2023 , 12:39:10,4853,4006.4
490,01/08/2023 , 12:54:10,4393,3626.7
491,01/08/2023 , 13:09:10,3363,2776.4
492,01/08/2023 , 13:24:10,3880,3203.2
493,01/08/2023 , 13:39:10,5832,4814.7
494,01/08/2023 , 13:54:10,5054,4172.4
495,01/08/2023 , 14:09:10,4720,3896.6
496,01/08/2023 , 14:24:10,5938,4902.2
497,01/08/2023 , 14:39:10,5983,4939.3
498,01/08/2023 , 14:54:10,6142,5070.6
499,01/08/2023 , 15:09:10,5983,4939.3
500,01/08/2023 , 15:24:10,3686,3043
501,01/08/2023 , 15:39:10,3647,3010.8
502,01/08/2023 , 15:54:10,3402,2808.5
503,01/08/2023 , 16:09:10,3201,2642.6
504,01/08/2023 , 16:24:10,2893,2388.3
505,01/08/2023 , 16:39:10,3517,2903.5
506,01/08/2023 , 16:54:10,2485,2051.5
507,01/08/2023 , 17:09:10,2927,2416.4
508,01/08/2023 , 17:24:10,1170,965.9
509,01/08/2023 , 17:39:10,872,719.9
510,01/08/2023 , 17:54:10,1649,1361.3
511,01/08/2023 , 18:09:10,3154,2603.8
512,01/08/2023 , 18:24:10,1808,1492.6
513,01/08/2023 , 18:39:10,1606,1325.8
514,01/08/2023 , 18:54:10,1754,1448
515,01/08/2023 , 19:09:10,1303,1075.7
516,01/08/2023 , 19:24:10,1209,998.1
517,01/08/2023 , 19:39:10,749,618.3
518,01/08/2023 , 19:54:10,410,338.5
519,01/08/2023 , 20:09:10,179,147.8
520,01/08/2023 , 20:24:10,37,30.5
521,01/08/2023 , 20:39:10,3,2.5
522,01/08/2023 , 20:54:10,0,0
523,01/08/2023 , 21:09:10,0,0
524,01/08/2023 , 21:24:10,0,0
525,01/08/2023 , 21:39:10,0,0
526,01/08/2023 , 21:54:10,0,0
527,01/08/2023 , 22:09:10,0,0
528,01/08/2023 , 22:24:10,0,0
529,01/08/2023 , 22:39:10,0,0
530,01/08/2023 , 22:54:10,0,0
531,01/08/2023 , 23:09:10,0,0
532,01/08/2023 , 23:24:10,0,0
533,01/08/2023 , 23:39:10,0,0
534,01/08/2023 , 23:54:10,0,0
535,02/08/2023 , 00:09:10,0,0
536,02/08/2023 , 00:24:10,0,0
537,02/08/2023 , 00:39:10,0,0
538,02/08/2023 , 00:54:10,0,0
539,02/08/2023 , 01:09:10,0,0
540,02/08/2023 , 01:24:10,0,0
541,02/08/2023 , 01:39:10,0,0
542,02/08/2023 , 01:54:10,0,0
543,02/08/2023 , 02:09:10,0,0
544,02/08/2023 , 02:24:10,0,0
545,02/08/2023 , 02:39:10,0,0
546,02/08/2023 , 02:54:10,0,0
547,02/08/2023 , 03:09:10,0,0
548,02/08/2023 , 03:24:10,0,0
549,02/08/2023 , 03:39:10,0,0
550,02/08/2023 , 03:54:10,0,0
551,02/08/2023 , 04:09:10,0,0
552,02/08/2023 , 04:24:10,0,0
553,02/08/2023 , 04:39:10,0,0
554,02/08/2023 , 04:54:10,0,0
555,02/08/2023 , 05:09:10,0,0
556,02/08/2023 , 05:24:10,0,0
557,02/08/2023 , 05:39:10,0,0
558,02/08/2023 , 05:54:10,0,0
559,02/08/2023 , 06:09:10,0,0
560,02/08/2023 , 06:24:10,0,0
561,02/08/2023 , 06:39:10,17,14
562,02/08/2023 , 06:54:10,136,112.3
563,02/08/2023 , 07:09:10,633,522.6
564,02/08/2023 , 07:24:10,672,554.8
565,02/08/2023 , 07:39:10,66,54.5
566,02/08/2023 , 07:54:10,182,150.3
567,02/08/2023 , 08:09:10,203,167.6
568,02/08/2023 , 08:24:10,420,346.7
569,02/08/2023 , 08:39:10,695,573.8
570,02/08/2023 , 08:54:10,1718,1418.3
571,02/08/2023 , 09:09:10,1871,1544.6
572,02/08/2023 , 09:24:10,1208,997.3
573,02/08/2023 , 09:39:10,642,530
574,02/08/2023 , 09:54:10,190,156.9
575,02/08/2023 , 10:09:10,605,499.5
576,02/08/2023 , 10:24:10,1043,861.1
577,02/08/2023 , 10:39:10,1400,1155.8
578,02/08/2023 , 10:54:10,1403,1158.3
579,02/08/2023 , 11:09:10,1790,1477.7
580,02/08/2023 , 11:24:10,2535,2092.8
581,02/08/2023 , 11:39:10,3683,3040.5
582,02/08/2023 , 11:54:10,6061,5003.7
583,02/08/2023 , 12:09:10,4400,3632.5
584,02/08/2023 , 12:24:10,4377,3613.5
585,02/08/2023 , 12:39:10,4011,3311.3
586,02/08/2023 , 12:54:10,4320,3566.4
587,02/08/2023 , 13:09:10,4105,3388.9
588,02/08/2023 , 13:24:10,2727,2251.3
589,02/08/2023 , 13:39:10,2778,2293.4
590,02/08/2023 , 13:54:10,4774,3941.2
591,02/08/2023 , 14:09:10,4648,3837.2
592,02/08/2023 , 14:24:10,3011,2485.8
593,02/08/2023 , 14:39:10,1223,1009.7
594,02/08/2023 , 14:54:10,449,370.7
595,02/08/2023 , 15:09:10,215,177.5
596,02/08/2023 , 15:24:10,134,110.6
597,02/08/2023 , 15:39:10,262,216.3
598,02/08/2023 , 15:54:10,508,419.4
599,02/08/2023 , 16:09:10,625,516
600,02/08/2023 , 16:24:10,898,741.4
601,02/08/2023 , 16:39:10,1025,846.2
602,02/08/2023 , 16:54:10,998,823.9
603,02/08/2023 , 17:09:10,1176,970.9
604,02/08/2023 , 17:24:10,789,651.4
605,02/08/2023 , 17:39:10,726,599.4
606,02/08/2023 , 17:54:10,606,500.3
607,02/08/2023 , 18:09:10,506,417.7
608,02/08/2023 , 18:24:10,456,376.5
609,02/08/2023 , 18:39:10,544,449.1
610,02/08/2023 , 18:54:10,562,464
611,02/08/2023 , 19:09:10,472,389.7
612,02/08/2023 , 19:24:10,316,260.9
613,02/08/2023 , 19:39:10,268,221.2
614,02/08/2023 , 19:54:10,281,232
615,02/08/2023 , 20:09:10,158,130.4
616,02/08/2023 , 20:24:10,40,33
617,02/08/2023 , 20:39:10,1,0.8
618,02/08/2023 , 20:54:10,0,0
619,02/08/2023 , 21:09:10,0,0
620,02/08/2023 , 21:24:10,0,0
621,02/08/2023 , 21:39:10,0,0
622,02/08/2023 , 21:54:10,0,0
623,02/08/2023 , 22:09:10,0,0
624,02/08/2023 , 22:24:10,0,0
625,02/08/2023 , 22:39:10,0,0
626,02/08/2023 , 22:54:10,0,0
627,02/08/2023 , 23:09:10,0,0
628,02/08/2023 , 23:24:10,0,0
629,02/08/2023 , 23:39:10,0,0
630,02/08/2023 , 23:54:10,0,0
631,03/08/2023 , 00:09:10,0,0
632,03/08/2023 , 00:24:10,0,0
633,03/08/2023 , 00:39:10,0,0
634,03/08/2023 , 00:54:10,0,0
635,03/08/2023 , 01:09:10,0,0
636,03/08/2023 , 01:24:10,0,0
637,03/08/2023 , 01:39:10,0,0
638,03/08/2023 , 01:54:10,0,0
639,03/08/2023 , 02:09:10,0,0
640,03/08/2023 , 02:24:10,0,0
641,03/08/2023 , 02:39:10,0,0
642,03/08/2023 , 02:54:10,0,0
643,03/08/2023 , 03:09:10,0,0
644,03/08/2023 , 03:24:10,0,0
645,03/08/2023 , 03:39:10,0,0
646,03/08/2023 , 03:54:10,0,0
647,03/08/2023 , 04:09:10,0,0
648,03/08/2023 , 04:24:10,0,0
649,03/08/2023 , 04:39:10,0,0
650,03/08/2023 , 04:54:10,0,0
651,03/08/2023 , 05:09:10,0,0
652,03/08/2023 , 05:24:10,0,0
653,03/08/2023 , 05:39:10,0,0
654,03/08/2023 , 05:54:10,0,0
655,03/08/2023 , 06:09:10,0,0
656,03/08/2023 , 06:24:10,0,0
657,03/08/2023 , 06:39:10,25,20.6
658,03/08/2023 , 06:54:10,94,77.6
659,03/08/2023 , 07:09:10,187,154.4
660,03/08/2023 , 07:24:10,279,230.3
661,03/08/2023 , 07:39:10,479,395.4
662,03/08/2023 , 07:54:10,881,727.3
663,03/08/2023 , 08:09:10,1555,1283.7
664,03/08/2023 , 08:24:10,1638,1352.3
665,03/08/2023 , 08:39:10,2164,1786.5
666,03/08/2023 , 08:54:10,2615,2158.8
667,03/08/2023 , 09:09:10,3169,2616.2
668,03/08/2023 , 09:24:10,3615,2984.4
669,03/08/2023 , 09:39:10,4133,3412
670,03/08/2023 , 09:54:10,4521,3732.3
671,03/08/2023 , 10:09:10,4955,4090.6
672,03/08/2023 , 10:24:10,5719,4721.4
673,03/08/2023 , 10:39:10,6275,5180.4
674,03/08/2023 , 10:54:10,6865,5667.5
675,03/08/2023 , 11:09:10,7428,6132.2
676,03/08/2023 , 11:24:10,7969,6578.9
677,03/08/2023 , 11:39:10,7770,6414.6
678,03/08/2023 , 11:54:10,8072,6663.9
679,03/08/2023 , 12:09:10,9106,7517.5
680,03/08/2023 , 12:24:10,9539,7875
681,03/08/2023 , 12:39:10,9854,8135
682,03/08/2023 , 12:54:10,10161,8388.5
683,03/08/2023 , 13:09:10,10452,8628.7
684,03/08/2023 , 13:24:10,10681,8817.8
685,03/08/2023 , 13:39:10,10944,9034.9
686,03/08/2023 , 13:54:10,10948,9038.2
687,03/08/2023 , 14:09:10,10714,8845
688,03/08/2023 , 14:24:10,10627,8773.2
689,03/08/2023 , 14:39:10,10516,8681.6
690,03/08/2023 , 14:54:10,10314,8514.8
691,03/08/2023 , 15:09:10,10098,8336.5
692,03/08/2023 , 15:24:10,9621,7942.7
693,03/08/2023 , 15:39:10,9177,7576.1
694,03/08/2023 , 15:54:10,8725,7203
695,03/08/2023 , 16:09:10,7962,6573.1
696,03/08/2023 , 16:24:10,7462,6160.3
697,03/08/2023 , 16:39:10,7424,6128.9
698,03/08/2023 , 16:54:10,4401,3633.3
699,03/08/2023 , 17:09:10,5994,4948.4
700,03/08/2023 , 17:24:10,2804,2314.9
701,03/08/2023 , 17:39:10,4105,3388.9
702,03/08/2023 , 17:54:10,3989,3293.2
703,03/08/2023 , 18:09:10,3327,2746.6
704,03/08/2023 , 18:24:10,2769,2286
705,03/08/2023 , 18:39:10,2254,1860.8
706,03/08/2023 , 18:54:10,1765,1457.1
707,03/08/2023 , 19:09:10,1331,1098.8
708,03/08/2023 , 19:24:10,950,784.3
709,03/08/2023 , 19:39:10,603,497.8
710,03/08/2023 , 19:54:10,324,267.5
711,03/08/2023 , 20:09:10,143,118.1
712,03/08/2023 , 20:24:10,34,28.1
713,03/08/2023 , 20:39:10,2,1.7
714,03/08/2023 , 20:54:10,0,0
715,03/08/2023 , 21:09:10,0,0
716,03/08/2023 , 21:24:10,0,0
717,03/08/2023 , 21:39:10,0,0
718,03/08/2023 , 21:54:10,0,0
719,03/08/2023 , 22:09:10,0,0
720,03/08/2023 , 22:24:10,0,0
721,03/08/2023 , 22:39:10,0,0
722,03/08/2023 , 22:54:10,0,0
723,03/08/2023 , 23:09:10,0,0
724,03/08/2023 , 23:24:10,0,0
725,03/08/2023 , 23:39:10,0,0
726,03/08/2023 , 23:54:10,0,0
727,04/08/2023 , 00:09:10,0,0
728,04/08/2023 , 00:24:10,0,0
729,04/08/2023 , 00:39:10,0,0
730,04/08/2023 , 00:54:10,0,0
731,04/08/2023 , 01:09:10,0,0
732,04/08/2023 , 01:24:10,0,0
733,04/08/2023 , 01:39:10,0,0
734,04/08/2023 , 01:54:10,0,0
735,04/08/2023 , 02:09:10,0,0
736,04/08/2023 , 02:24:10,0,0
737,04/08/2023 , 02:39:10,0,0
738,04/08/2023 , 02:54:10,0,0
739,04/08/2023 , 03:09:10,0,0
740,04/08/2023 , 03:24:10,0,0
741,04/08/2023 , 03:39:10,0,0
742,04/08/2023 , 03:54:10,0,0
743,04/08/2023 , 04:09:10,0,0
744,04/08/2023 , 04:24:10,0,0
745,04/08/2023 , 04:39:10,0,0
746,04/08/2023 , 04:54:10,0,0
747,04/08/2023 , 05:09:10,0,0
748,04/08/2023 , 05:24:10,0,0
749,04/08/2023 , 05:39:10,0,0
750,04/08/2023 , 05:54:10,0,0
751,04/08/2023 , 06:09:10,0,0
752,04/08/2023 , 06:24:10,0,0
753,04/08/2023 , 06:39:10,27,22.3
754,04/08/2023 , 06:54:10,125,103.2
755,04/08/2023 , 07:09:10,304,251
756,04/08/2023 , 07:24:10,570,470.6
757,04/08/2023 , 07:39:10,784,647.2
758,04/08/2023 , 07:54:10,995,821.4
759,04/08/2023 , 08:09:10,1408,1162.4
760,04/08/2023 , 08:24:10,1821,1503.3
761,04/08/2023 , 08:39:10,2248,1855.9
762,04/08/2023 , 08:54:10,2351,1940.9
763,04/08/2023 , 09:09:10,2701,2229.8
764,04/08/2023 , 09:24:10,3528,2912.6
765,04/08/2023 , 09:39:10,4251,3509.4
766,04/08/2023 , 09:54:10,3789,3128
767,04/08/2023 , 10:09:10,4751,3922.2
768,04/08/2023 , 10:24:10,5445,4495.2
769,04/08/2023 , 10:39:10,5917,4884.8
770,04/08/2023 , 10:54:10,6041,4987.2
771,04/08/2023 , 11:09:10,6394,5278.6
772,04/08/2023 , 11:24:10,7158,5909.3
773,04/08/2023 , 11:39:10,7430,6133.9
774,04/08/2023 , 11:54:10,7879,6504.6
775,04/08/2023 , 12:09:10,8199,6768.7
776,04/08/2023 , 12:24:10,8497,7014.8
777,04/08/2023 , 12:39:10,8572,7076.7
778,04/08/2023 , 12:54:10,8444,6971
779,04/08/2023 , 13:09:10,7922,6540.1
780,04/08/2023 , 13:24:10,9062,7481.2
781,04/08/2023 , 13:39:10,9685,7995.5
782,04/08/2023 , 13:54:10,8232,6796
783,04/08/2023 , 14:09:10,6740,5564.3
784,04/08/2023 , 14:24:10,8502,7018.9
785,04/08/2023 , 14:39:10,5404,4461.3
786,04/08/2023 , 14:54:10,6953,5740.1
787,04/08/2023 , 15:09:10,6073,5013.6
788,04/08/2023 , 15:24:10,5879,4853.5
789,04/08/2023 , 15:39:10,6715,5543.6
790,04/08/2023 , 15:54:10,5044,4164.1
791,04/08/2023 , 16:09:10,5248,4332.5
792,04/08/2023 , 16:24:10,6292,5194.4
793,04/08/2023 , 16:39:10,5655,4668.5
794,04/08/2023 , 16:54:10,5679,4688.3
795,04/08/2023 , 17:09:10,4808,3969.3
796,04/08/2023 , 17:24:10,4293,3544.1
797,04/08/2023 , 17:39:10,3675,3033.9
798,04/08/2023 , 17:54:10,3137,2589.8
799,04/08/2023 , 18:09:10,2576,2126.6
800,04/08/2023 , 18:24:10,2121,1751
801,04/08/2023 , 18:39:10,1738,1434.8
802,04/08/2023 , 18:54:10,1408,1162.4
803,04/08/2023 , 19:09:10,1130,932.9
804,04/08/2023 , 19:24:10,749,618.3
805,04/08/2023 , 19:39:10,493,407
806,04/08/2023 , 19:54:10,268,221.2
807,04/08/2023 , 20:09:10,118,97.4
808,04/08/2023 , 20:24:10,28,23.1
809,04/08/2023 , 20:39:10,1,0.8
810,04/08/2023 , 20:54:10,0,0
811,04/08/2023 , 21:09:10,0,0
812,04/08/2023 , 21:24:10,0,0
813,04/08/2023 , 21:39:10,0,0
814,04/08/2023 , 21:54:10,0,0
815,04/08/2023 , 22:09:10,0,0
816,04/08/2023 , 22:24:10,0,0
817,04/08/2023 , 22:39:10,0,0
818,04/08/2023 , 22:54:10,0,0
819,04/08/2023 , 23:09:10,0,0
820,04/08/2023 , 23:24:10,0,0
821,04/08/2023 , 23:39:10,0,0
822,04/08/2023 , 23:54:10,0,0
823,05/08/2023 , 00:09:10,0,0
824,05/08/2023 , 00:24:10,0,0
825,05/08/2023 , 00:39:10,0,0
826,05/08/2023 , 00:54:10,0,0
827,05/08/2023 , 01:09:10,0,0
828,05/08/2023 , 01:24:10,0,0
829,05/08/2023 , 01:39:10,0,0
830,05/08/2023 , 01:54:10,0,0
831,05/08/2023 , 02:09:10,0,0
832,05/08/2023 , 02:24:10,0,0
833,05/08/2023 , 02:39:10,0,0
834,05/08/2023 , 02:54:10,0,0
835,05/08/2023 , 03:09:10,0,0
836,05/08/2023 , 03:24:10,0,0
837,05/08/2023 , 03:39:10,0,0
838,05/08/2023 , 03:54:10,0,0
839,05/08/2023 , 04:09:10,0,0
840,05/08/2023 , 04:24:10,0,0
841,05/08/2023 , 04:39:10,0,0
842,05/08/2023 , 04:54:10,0,0
843,05/08/2023 , 05:09:10,0,0
844,05/08/2023 , 05:24:10,0,0
845,05/08/2023 , 05:39:10,0,0
846,05/08/2023 , 05:54:10,0,0
847,05/08/2023 , 06:09:10,0,0
848,05/08/2023 , 06:24:10,0,0
849,05/08/2023 , 06:39:10,21,17.3
850,05/08/2023 , 06:54:10,85,70.2
851,05/08/2023 , 07:09:10,197,162.6
852,05/08/2023 , 07:24:10,427,352.5
853,05/08/2023 , 07:39:10,706,582.8
854,05/08/2023 , 07:54:10,1036,855.3
855,05/08/2023 , 08:09:10,1201,991.5
856,05/08/2023 , 08:24:10,1603,1323.4
857,05/08/2023 , 08:39:10,2036,1680.8
858,05/08/2023 , 08:54:10,2201,1817.1
859,05/08/2023 , 09:09:10,2173,1793.9
860,05/08/2023 , 09:24:10,3816,3150.3
861,05/08/2023 , 09:39:10,2764,2281.8
862,05/08/2023 , 09:54:10,4290,3541.6
863,05/08/2023 , 10:09:10,5242,4327.6
864,05/08/2023 , 10:24:10,5523,4559.6
865,05/08/2023 , 10:39:10,2496,2060.6
866,05/08/2023 , 10:54:10,2654,2191
867,05/08/2023 , 11:09:10,7130,5886.2
868,05/08/2023 , 11:24:10,5259,4341.6
869,05/08/2023 , 11:39:10,5418,4472.9
870,05/08/2023 , 11:54:10,6217,5132.5
871,05/08/2023 , 12:09:10,6208,5125.1
872,05/08/2023 , 12:24:10,6729,5555.2
873,05/08/2023 , 12:39:10,7355,6072
874,05/08/2023 , 12:54:10,5583,4609.1
875,05/08/2023 , 13:09:10,2536,2093.6
876,05/08/2023 , 13:24:10,1222,1008.8
877,05/08/2023 , 13:39:10,566,467.3
878,05/08/2023 , 13:54:10,175,144.5
879,05/08/2023 , 14:09:10,264,217.9
880,05/08/2023 , 14:24:10,575,474.7
881,05/08/2023 , 14:39:10,493,407
882,05/08/2023 , 14:54:10,391,322.8
883,05/08/2023 , 15:09:10,376,310.4
884,05/08/2023 , 15:24:10,623,514.3
885,05/08/2023 , 15:39:10,543,448.3
886,05/08/2023 , 15:54:10,547,451.6
887,05/08/2023 , 16:09:10,297,245.2
888,05/08/2023 , 16:24:10,292,241.1
889,05/08/2023 , 16:39:10,149,123
890,05/08/2023 , 16:54:10,104,85.9
891,05/08/2023 , 17:09:10,288,237.8
892,05/08/2023 , 17:24:10,551,454.9
893,05/08/2023 , 17:39:10,837,691
894,05/08/2023 , 17:54:10,851,702.5
895,05/08/2023 , 18:09:10,815,672.8
896,05/08/2023 , 18:24:10,742,612.6
897,05/08/2023 , 18:39:10,477,393.8
898,05/08/2023 , 18:54:10,393,324.4
899,05/08/2023 , 19:09:10,267,220.4
900,05/08/2023 , 19:24:10,318,262.5
901,05/08/2023 , 19:39:10,363,299.7
902,05/08/2023 , 19:54:10,209,172.5
903,05/08/2023 , 20:09:10,68,56.1
904,05/08/2023 , 20:24:10,13,10.7
905,05/08/2023 , 20:39:10,0,0
906,05/08/2023 , 20:54:10,0,0
907,05/08/2023 , 21:09:10,0,0
908,05/08/2023 , 21:24:10,0,0
909,05/08/2023 , 21:39:10,0,0
910,05/08/2023 , 21:54:10,0,0
911,05/08/2023 , 22:09:10,0,0
912,05/08/2023 , 22:24:10,0,0
913,05/08/2023 , 22:39:10,0,0
914,05/08/2023 , 22:54:10,0,0
915,05/08/2023 , 23:09:10,0,0
916,05/08/2023 , 23:24:10,0,0
917,05/08/2023 , 23:39:10,0,0
918,05/08/2023 , 23:54:10,0,0
919,06/08/2023 , 00:09:10,0,0
920,06/08/2023 , 00:24:10,0,0
921,06/08/2023 , 00:39:10,0,0
922,06/08/2023 , 00:54:10,0,0
923,06/08/2023 , 01:09:10,0,0
924,06/08/2023 , 01:24:10,0,0
925,06/08/2023 , 01:39:10,0,0
926,06/08/2023 , 01:54:10,0,0
927,06/08/2023 , 02:09:10,0,0
928,06/08/2023 , 02:24:10,0,0
929,06/08/2023 , 02:39:10,0,0
930,06/08/2023 , 02:54:10,0,0
931,06/08/2023 , 03:09:10,0,0
932,06/08/2023 , 03:24:10,0,0
933,06/08/2023 , 03:39:10,0,0
934,06/08/2023 , 03:54:10,0,0
935,06/08/2023 , 04:09:10,0,0
936,06/08/2023 , 04:24:10,0,0
937,06/08/2023 , 04:39:10,0,0
938,06/08/2023 , 04:54:10,0,0
939,06/08/2023 , 05:09:10,0,0
940,06/08/2023 , 05:24:10,0,0
941,06/08/2023 , 05:39:10,0,0
942,06/08/2023 , 05:54:10,0,0
943,06/08/2023 , 06:09:10,0,0
944,06/08/2023 , 06:24:10,0,0
945,06/08/2023 , 06:39:10,0,0
946,06/08/2023 , 06:54:10,8,6.6
947,06/08/2023 , 07:09:10,15,12.4
948,06/08/2023 , 07:24:10,34,28.1
949,06/08/2023 , 07:39:10,91,75.1
950,06/08/2023 , 07:54:10,192,158.5
951,06/08/2023 , 08:09:10,369,304.6
952,06/08/2023 , 08:24:10,418,345.1
953,06/08/2023 , 08:39:10,479,395.4
954,06/08/2023 , 08:54:10,595,491.2
955,06/08/2023 , 09:09:10,364,300.5
956,06/08/2023 , 09:24:10,450,371.5
957,06/08/2023 , 09:39:10,731,603.5
958,06/08/2023 , 09:54:10,612,505.2
959,06/08/2023 , 10:09:10,847,699.2
960,06/08/2023 , 10:24:10,1824,1505.8
961,06/08/2023 , 10:39:10,1888,1558.7
962,06/08/2023 , 10:54:10,1448,1195.4
963,06/08/2023 , 11:09:10,811,669.5
964,06/08/2023 , 11:24:10,1013,836.3
965,06/08/2023 , 11:39:10,1083,894.1
966,06/08/2023 , 11:54:10,3423,2825.9
967,06/08/2023 , 12:09:10,4767,3935.4
968,06/08/2023 , 12:24:10,3835,3166
969,06/08/2023 , 12:39:10,4607,3803.3
970,06/08/2023 , 12:54:10,5503,4543
971,06/08/2023 , 13:09:10,4912,4055.1
972,06/08/2023 , 13:24:10,7976,6584.6
973,06/08/2023 , 13:39:10,5788,4778.3
974,06/08/2023 , 13:54:10,8904,7350.8
975,06/08/2023 , 14:09:10,9139,7544.8
976,06/08/2023 , 14:24:10,10887,8987.8
977,06/08/2023 , 14:39:10,9223,7614.1
978,06/08/2023 , 14:54:10,4994,4122.8
979,06/08/2023 , 15:09:10,5023,4146.8
980,06/08/2023 , 15:24:10,4899,4044.4
981,06/08/2023 , 15:39:10,5026,4149.3
982,06/08/2023 , 15:54:10,8022,6622.6
983,06/08/2023 , 16:09:10,6875,5675.7
984,06/08/2023 , 16:24:10,3594,2967.1
985,06/08/2023 , 16:39:10,5658,4671
986,06/08/2023 , 16:54:10,4485,3702.6
987,06/08/2023 , 17:09:10,2500,2063.9
988,06/08/2023 , 17:24:10,2137,1764.2
989,06/08/2023 , 17:39:10,2060,1700.6
990,06/08/2023 , 17:54:10,1795,1481.9
991,06/08/2023 , 18:09:10,1568,1294.5
992,06/08/2023 , 18:24:10,1386,1144.2
993,06/08/2023 , 18:39:10,1069,882.5
994,06/08/2023 , 18:54:10,860,710
995,06/08/2023 , 19:09:10,670,553.1
996,06/08/2023 , 19:24:10,488,402.9
997,06/08/2023 , 19:39:10,315,260.1
998,06/08/2023 , 19:54:10,160,132.1
999,06/08/2023 , 20:09:10,49,40.5
1000,06/08/2023 , 20:24:10,7,5.8
1001,06/08/2023 , 20:39:10,0,0
1002,06/08/2023 , 20:54:10,0,0
1003,06/08/2023 , 21:09:10,0,0
1004,06/08/2023 , 21:24:10,0,0
1005,06/08/2023 , 21:39:10,0,0
1006,06/08/2023 , 21:54:10,0,0
1007,06/08/2023 , 22:09:10,0,0
1008,06/08/2023 , 22:24:10,0,0
1009,06/08/2023 , 22:39:10,0,0
1010,06/08/2023 , 22:54:10,0,0
1011,06/08/2023 , 23:09:10,0,0
1012,06/08/2023 , 23:24:10,0,0
1013,06/08/2023 , 23:39:10,0,0
1014,06/08/2023 , 23:54:10,0,0
1015,07/08/2023 , 00:09:10,0,0
1016,07/08/2023 , 00:24:10,0,0
1017,07/08/2023 , 00:39:10,0,0
1018,07/08/2023 , 00:54:10,0,0
1019,07/08/2023 , 01:09:10,0,0
1020,07/08/2023 , 01:24:10,0,0
1021,07/08/2023 , 01:39:10,0,0
1022,07/08/2023 , 01:54:10,0,0
1023,07/08/2023 , 02:09:10,0,0
1024,07/08/2023 , 02:24:10,0,0
1025,07/08/2023 , 02:39:10,0,0
1026,07/08/2023 , 02:54:10,0,0
1027,07/08/2023 , 03:09:10,0,0
1028,07/08/2023 , 03:24:10,0,0
1029,07/08/2023 , 03:39:10,0,0
1030,07/08/2023 , 03:54:10,0,0
1031,07/08/2023 , 04:09:10,0,0
1032,07/08/2023 , 04:24:10,0,0
1033,07/08/2023 , 04:39:10,0,0
1034,07/08/2023 , 04:54:10,0,0
1035,07/08/2023 , 05:09:10,0,0
1036,07/08/2023 , 05:24:10,0,0
1037,07/08/2023 , 05:39:10,0,0
1038,07/08/2023 , 05:54:10,0,0
1039,07/08/2023 , 06:09:10,0,0
1040,07/08/2023 , 06:24:10,0,0
1041,07/08/2023 , 06:39:10,12,9.9
1042,07/08/2023 , 06:54:10,56,46.2
1043,07/08/2023 , 07:09:10,129,106.5
1044,07/08/2023 , 07:24:10,249,205.6
1045,07/08/2023 , 07:39:10,573,473
1046,07/08/2023 , 07:54:10,1044,861.9
1047,07/08/2023 , 08:09:10,1228,1013.8
1048,07/08/2023 , 08:24:10,1386,1144.2
1049,07/08/2023 , 08:39:10,1667,1376.2
1050,07/08/2023 , 08:54:10,2280,1882.3
1051,07/08/2023 , 09:09:10,2962,2445.3
1052,07/08/2023 , 09:24:10,4064,3355.1
1053,07/08/2023 , 09:39:10,4468,3688.6
1054,07/08/2023 , 09:54:10,5044,4164.1
1055,07/08/2023 , 10:09:10,6044,4989.7
1056,07/08/2023 , 10:24:10,6875,5675.7
1057,07/08/2023 , 10:39:10,7727,6379.1
1058,07/08/2023 , 10:54:10,7194,5939.1
1059,07/08/2023 , 11:09:10,4465,3686.1
1060,07/08/2023 , 11:24:10,3391,2799.5
1061,07/08/2023 , 11:39:10,7165,5915.1
1062,07/08/2023 , 11:54:10,9044,7466.3
1063,07/08/2023 , 12:09:10,7593,6268.5
1064,07/08/2023 , 12:24:10,7771,6415.4
1065,07/08/2023 , 12:39:10,10110,8346.4
1066,07/08/2023 , 12:54:10,10087,8327.4
1067,07/08/2023 , 13:09:10,10202,8422.3
1068,07/08/2023 , 13:24:10,10234,8448.8
1069,07/08/2023 , 13:39:10,10256,8466.9
1070,07/08/2023 , 13:54:10,10280,8486.7
1071,07/08/2023 , 14:09:10,10205,8424.8
1072,07/08/2023 , 14:24:10,10061,8305.9
1073,07/08/2023 , 14:39:10,9942,8207.7
1074,07/08/2023 , 14:54:10,8106,6692
1075,07/08/2023 , 15:09:10,7543,6227.2
1076,07/08/2023 , 15:24:10,6543,5401.6
1077,07/08/2023 , 15:39:10,4957,4092.3
1078,07/08/2023 , 15:54:10,5859,4836.9
1079,07/08/2023 , 16:09:10,4978,4109.6
1080,07/08/2023 , 16:24:10,4380,3615.9
1081,07/08/2023 , 16:39:10,3790,3128.9
1082,07/08/2023 , 16:54:10,3819,3152.8
1083,07/08/2023 , 17:09:10,3016,2489.9
1084,07/08/2023 , 17:24:10,2946,2432.1
1085,07/08/2023 , 17:39:10,2768,2285.1
1086,07/08/2023 , 17:54:10,2789,2302.5
1087,07/08/2023 , 18:09:10,2486,2052.3
1088,07/08/2023 , 18:24:10,3028,2499.8
1089,07/08/2023 , 18:39:10,2546,2101.9
1090,07/08/2023 , 18:54:10,1681,1387.8
1091,07/08/2023 , 19:09:10,968,799.1
1092,07/08/2023 , 19:24:10,462,381.4
1093,07/08/2023 , 19:39:10,305,251.8
1094,07/08/2023 , 19:54:10,176,145.3
1095,07/08/2023 , 20:09:10,73,60.3
1096,07/08/2023 , 20:24:10,14,11.6
1097,07/08/2023 , 20:39:10,0,0
1098,07/08/2023 , 20:54:10,0,0
1099,07/08/2023 , 21:09:10,0,0
1100,07/08/2023 , 21:24:10,0,0
1101,07/08/2023 , 21:39:10,0,0
1102,07/08/2023 , 21:54:10,0,0
1103,07/08/2023 , 22:09:10,0,0
1104,07/08/2023 , 22:24:10,0,0
1105,07/08/2023 , 22:39:10,0,0
1106,07/08/2023 , 22:54:10,0,0
1107,07/08/2023 , 23:09:10,0,0
1108,07/08/2023 , 23:24:10,0,0
1109,07/08/2023 , 23:39:10,0,0
1110,07/08/2023 , 23:54:10,0,0
1111,08/08/2023 , 00:09:10,0,0
1112,08/08/2023 , 00:24:10,0,0
1113,08/08/2023 , 00:39:10,0,0
1114,08/08/2023 , 00:54:10,0,0
1115,08/08/2023 , 01:09:10,0,0
1116,08/08/2023 , 01:24:10,0,0
1117,08/08/2023 , 01:39:10,0,0
1118,08/08/2023 , 01:54:10,0,0
1119,08/08/2023 , 02:09:10,0,0
1120,08/08/2023 , 02:24:10,0,0
1121,08/08/2023 , 02:39:10,0,0
1122,08/08/2023 , 02:54:10,0,0
1123,08/08/2023 , 03:09:10,0,0
1124,08/08/2023 , 03:24:10,0,0
1125,08/08/2023 , 03:39:10,0,0
1126,08/08/2023 , 03:54:10,0,0
1127,08/08/2023 , 04:09:10,0,0
1128,08/08/2023 , 04:24:10,0,0
1129,08/08/2023 , 04:39:10,0,0
1130,08/08/2023 , 04:54:10,0,0
1131,08/08/2023 , 05:09:10,0,0
1132,08/08/2023 , 05:24:10,0,0
1133,08/08/2023 , 05:39:10,0,0
1134,08/08/2023 , 05:54:10,0,0
1135,08/08/2023 , 06:09:10,0,0
1136,08/08/2023 , 06:24:10,0,0
1137,08/08/2023 , 06:39:10,20,16.5
1138,08/08/2023 , 06:54:10,93,76.8
1139,08/08/2023 , 07:09:10,224,184.9
1140,08/08/2023 , 07:24:10,389,321.1
1141,08/08/2023 , 07:39:10,823,679.4
1142,08/08/2023 , 07:54:10,1205,994.8
1143,08/08/2023 , 08:09:10,1536,1268.1
1144,08/08/2023 , 08:24:10,1950,1609.8
1145,08/08/2023 , 08:39:10,2411,1990.4
1146,08/08/2023 , 08:54:10,2934,2422.2
1147,08/08/2023 , 09:09:10,3487,2878.7
1148,08/08/2023 , 09:24:10,4065,3355.9
1149,08/08/2023 , 09:39:10,4698,3878.5
1150,08/08/2023 , 09:54:10,5339,4407.7
1151,08/08/2023 , 10:09:10,5791,4780.8
1152,08/08/2023 , 10:24:10,6589,5439.6
1153,08/08/2023 , 10:39:10,7254,5988.6
1154,08/08/2023 , 10:54:10,7317,6040.6
1155,08/08/2023 , 11:09:10,8098,6685.4
1156,08/08/2023 , 11:24:10,8439,6966.9
1157,08/08/2023 , 11:39:10,9149,7553
1158,08/08/2023 , 11:54:10,9539,7875
1159,08/08/2023 , 12:09:10,9532,7869.2
1160,08/08/2023 , 12:24:10,10290,8495
1161,08/08/2023 , 12:39:10,10449,8626.3
1162,08/08/2023 , 12:54:10,10512,8678.3
1163,08/08/2023 , 13:09:10,9900,8173
1164,08/08/2023 , 13:24:10,10474,8646.9
1165,08/08/2023 , 13:39:10,10637,8781.5
1166,08/08/2023 , 13:54:10,10830,8940.8
1167,08/08/2023 , 14:09:10,10586,8739.4
1168,08/08/2023 , 14:24:10,10515,8680.7
1169,08/08/2023 , 14:39:10,10044,8291.9
1170,08/08/2023 , 14:54:10,9958,8220.9
1171,08/08/2023 , 15:09:10,9603,7927.8
1172,08/08/2023 , 15:24:10,9204,7598.4
1173,08/08/2023 , 15:39:10,8745,7219.5
1174,08/08/2023 , 15:54:10,8028,6627.6
1175,08/08/2023 , 16:09:10,7902,6523.6
1176,08/08/2023 , 16:24:10,7483,6177.6
1177,08/08/2023 , 16:39:10,6879,5679
1178,08/08/2023 , 16:54:10,6226,5139.9
1179,08/08/2023 , 17:09:10,5347,4414.3
1180,08/08/2023 , 17:24:10,5017,4141.8
1181,08/08/2023 , 17:39:10,4205,3471.5
1182,08/08/2023 , 17:54:10,3806,3142.1
1183,08/08/2023 , 18:09:10,3271,2700.4
1184,08/08/2023 , 18:24:10,2679,2211.7
1185,08/08/2023 , 18:39:10,2104,1737
1186,08/08/2023 , 18:54:10,1508,1244.9
1187,08/08/2023 , 19:09:10,1210,998.9
1188,08/08/2023 , 19:24:10,878,724.8
1189,08/08/2023 , 19:39:10,541,446.6
1190,08/08/2023 , 19:54:10,298,246
1191,08/08/2023 , 20:09:10,120,99.1
1192,08/08/2023 , 20:24:10,23,19
1193,08/08/2023 , 20:39:10,0,0
1194,08/08/2023 , 20:54:10,0,0
1195,08/08/2023 , 21:09:10,0,0
1196,08/08/2023 , 21:24:10,0,0
1197,08/08/2023 , 21:39:10,0,0
1198,08/08/2023 , 21:54:10,0,0
1199,08/08/2023 , 22:09:10,0,0
1200,08/08/2023 , 22:24:10,0,0
1201,08/08/2023 , 22:39:10,0,0
1202,08/08/2023 , 22:54:10,0,0
1203,08/08/2023 , 23:09:10,0,0
1204,08/08/2023 , 23:24:10,0,0
1205,08/08/2023 , 23:39:10,0,0
1206,08/08/2023 , 23:54:10,0,0
1207,09/08/2023 , 00:09:10,0,0
1208,09/08/2023 , 00:24:10,0,0
1209,09/08/2023 , 00:39:10,0,0
1210,09/08/2023 , 00:54:10,0,0
1211,09/08/2023 , 01:09:10,0,0
1212,09/08/2023 , 01:24:10,0,0
1213,09/08/2023 , 01:39:10,0,0
1214,09/08/2023 , 01:54:10,0,0
1215,09/08/2023 , 02:09:10,0,0
1216,09/08/2023 , 02:24:10,0,0
1217,09/08/2023 , 02:39:10,0,0
1218,09/08/2023 , 02:54:10,0,0
1219,09/08/2023 , 03:09:10,0,0
1220,09/08/2023 , 03:24:10,0,0
1221,09/08/2023 , 03:39:10,0,0
1222,09/08/2023 , 03:54:10,0,0
1223,09/08/2023 , 04:09:10,0,0
1224,09/08/2023 , 04:24:10,0,0
1225,09/08/2023 , 04:39:10,0,0
1226,09/08/2023 , 04:54:10,0,0
1227,09/08/2023 , 05:09:10,0,0
1228,09/08/2023 , 05:24:10,0,0
1229,09/08/2023 , 05:39:10,0,0
1230,09/08/2023 , 05:54:10,0,0
1231,09/08/2023 , 06:09:10,0,0
1232,09/08/2023 , 06:24:10,0,0
1233,09/08/2023 , 06:39:10,19,15.7
1234,09/08/2023 , 06:54:10,107,88.3
1235,09/08/2023 , 07:09:10,271,223.7
1236,09/08/2023 , 07:24:10,457,377.3
1237,09/08/2023 , 07:39:10,721,595.2
1238,09/08/2023 , 07:54:10,1016,838.8
1239,09/08/2023 , 08:09:10,1387,1145
1240,09/08/2023 , 08:24:10,1774,1464.5
1241,09/08/2023 , 08:39:10,2220,1832.7
1242,09/08/2023 , 08:54:10,2710,2237.3
1243,09/08/2023 , 09:09:10,3311,2733.4
1244,09/08/2023 , 09:24:10,3771,3113.2
1245,09/08/2023 , 09:39:10,4480,3698.5
1246,09/08/2023 , 09:54:10,5012,4137.7
1247,09/08/2023 , 10:09:10,5591,4615.7
1248,09/08/2023 , 10:24:10,5858,4836.1
1249,09/08/2023 , 10:39:10,6848,5653.4
1250,09/08/2023 , 10:54:10,7378,6091
1251,09/08/2023 , 11:09:10,7652,6317.2
1252,09/08/2023 , 11:24:10,8098,6685.4
1253,09/08/2023 , 11:39:10,8828,7288
1254,09/08/2023 , 11:54:10,9194,7590.2
1255,09/08/2023 , 12:09:10,9291,7670.3
1256,09/08/2023 , 12:24:10,8812,7274.8
1257,09/08/2023 , 12:39:10,10409,8593.2
1258,09/08/2023 , 12:54:10,9135,7541.5
1259,09/08/2023 , 13:09:10,10005,8259.7
1260,09/08/2023 , 13:24:10,10290,8495
1261,09/08/2023 , 13:39:10,10753,8877.2
1262,09/08/2023 , 13:54:10,10499,8667.5
1263,09/08/2023 , 14:09:10,10501,8669.2
1264,09/08/2023 , 14:24:10,10378,8567.6
1265,09/08/2023 , 14:39:10,10025,8276.2
1266,09/08/2023 , 14:54:10,9507,7848.6
1267,09/08/2023 , 15:09:10,8771,7241
1268,09/08/2023 , 15:24:10,9219,7610.8
1269,09/08/2023 , 15:39:10,8763,7234.4
1270,09/08/2023 , 15:54:10,7729,6380.7
1271,09/08/2023 , 16:09:10,7421,6126.5
1272,09/08/2023 , 16:24:10,6020,4969.9
1273,09/08/2023 , 16:39:10,5432,4484.4
1274,09/08/2023 , 16:54:10,4789,3953.6
1275,09/08/2023 , 17:09:10,4591,3790.1
1276,09/08/2023 , 17:24:10,3210,2650
1277,09/08/2023 , 17:39:10,4007,3308
1278,09/08/2023 , 17:54:10,3317,2738.4
1279,09/08/2023 , 18:09:10,3915,3232.1
1280,09/08/2023 , 18:24:10,2093,1727.9
1281,09/08/2023 , 18:39:10,1749,1443.9
1282,09/08/2023 , 18:54:10,1276,1053.4
1283,09/08/2023 , 19:09:10,1125,928.8
1284,09/08/2023 , 19:24:10,639,527.5
1285,09/08/2023 , 19:39:10,495,408.7
1286,09/08/2023 , 19:54:10,205,169.2
1287,09/08/2023 , 20:09:10,67,55.3
1288,09/08/2023 , 20:24:10,12,9.9
1289,09/08/2023 , 20:39:10,0,0
1290,09/08/2023 , 20:54:10,0,0
1291,09/08/2023 , 21:09:10,0,0
1292,09/08/2023 , 21:24:10,0,0
1293,09/08/2023 , 21:39:10,0,0
1294,09/08/2023 , 21:54:10,0,0
1295,09/08/2023 , 22:09:10,0,0
1296,09/08/2023 , 22:24:10,0,0
1297,09/08/2023 , 22:39:10,0,0
1298,09/08/2023 , 22:54:10,0,0
1299,09/08/2023 , 23:09:10,0,0
1300,09/08/2023 , 23:24:10,0,0
1301,09/08/2023 , 23:39:10,0,0
1302,09/08/2023 , 23:54:10,0,0
1303,10/08/2023 , 00:09:10,0,0
1304,10/08/2023 , 00:24:10,0,0
1305,10/08/2023 , 00:39:10,0,0
1306,10/08/2023 , 00:54:10,0,0
1307,10/08/2023 , 01:09:10,0,0
1308,10/08/2023 , 01:24:10,0,0
1309,10/08/2023 , 01:39:10,0,0
1310,10/08/2023 , 01:54:10,0,0
1311,10/08/2023 , 02:09:10,0,0
1312,10/08/2023 , 02:24:10,0,0
1313,10/08/2023 , 02:39:10,0,0
1314,10/08/2023 , 02:54:10,0,0
1315,10/08/2023 , 03:09:10,0,0
1316,10/08/2023 , 03:24:10,0,0
1317,10/08/2023 , 03:39:10,0,0
1318,10/08/2023 , 03:54:10,0,0
1319,10/08/2023 , 04:09:10,0,0
1320,10/08/2023 , 04:24:10,0,0
1321,10/08/2023 , 04:39:10,0,0
1322,10/08/2023 , 04:54:10,0,0
1323,10/08/2023 , 05:09:10,0,0
1324,10/08/2023 , 05:24:10,0,0
1325,10/08/2023 , 05:39:10,0,0
1326,10/08/2023 , 05:54:10,0,0
1327,10/08/2023 , 06:09:10,0,0
1328,10/08/2023 , 06:24:10,0,0
1329,10/08/2023 , 06:39:10,12,9.9
1330,10/08/2023 , 06:54:10,87,71.8
1331,10/08/2023 , 07:09:10,254,209.7
1332,10/08/2023 , 07:24:10,564,465.6
1333,10/08/2023 , 07:39:10,913,753.7
1334,10/08/2023 , 07:54:10,1113,918.8
1335,10/08/2023 , 08:09:10,1754,1448
1336,10/08/2023 , 08:24:10,1191,983.2
1337,10/08/2023 , 08:39:10,2652,2189.4
1338,10/08/2023 , 08:54:10,2963,2446.1
1339,10/08/2023 , 09:09:10,1723,1422.4
1340,10/08/2023 , 09:24:10,4172,3444.2
1341,10/08/2023 , 09:39:10,4491,3707.6
1342,10/08/2023 , 09:54:10,5181,4277.2
1343,10/08/2023 , 10:09:10,5746,4743.7
1344,10/08/2023 , 10:24:10,6186,5106.9
1345,10/08/2023 , 10:39:10,6654,5493.3
1346,10/08/2023 , 10:54:10,7261,5994.4
1347,10/08/2023 , 11:09:10,8124,6706.8
1348,10/08/2023 , 11:24:10,7969,6578.9
1349,10/08/2023 , 11:39:10,8481,7001.6
1350,10/08/2023 , 11:54:10,9416,7773.5
1351,10/08/2023 , 12:09:10,9748,8047.5
1352,10/08/2023 , 12:24:10,10096,8334.8
1353,10/08/2023 , 12:39:10,10437,8616.3
1354,10/08/2023 , 12:54:10,10736,8863.2
1355,10/08/2023 , 13:09:10,11070,9138.9
1356,10/08/2023 , 13:24:10,11955,9869.5
1357,10/08/2023 , 13:39:10,10178,8402.5
1358,10/08/2023 , 13:54:10,10774,8894.6
1359,10/08/2023 , 14:09:10,9918,8187.9
1360,10/08/2023 , 14:24:10,10529,8692.3
1361,10/08/2023 , 14:39:10,10066,8310.1
1362,10/08/2023 , 14:54:10,9094,7507.6
1363,10/08/2023 , 15:09:10,4099,3384
1364,10/08/2023 , 15:24:10,3722,3072.7
1365,10/08/2023 , 15:39:10,4932,4071.7
1366,10/08/2023 , 15:54:10,8098,6685.4
1367,10/08/2023 , 16:09:10,7901,6522.7
1368,10/08/2023 , 16:24:10,6977,5759.9
1369,10/08/2023 , 16:39:10,6607,5454.5
1370,10/08/2023 , 16:54:10,5994,4948.4
1371,10/08/2023 , 17:09:10,4204,3470.6
1372,10/08/2023 , 17:24:10,3513,2900.2
1373,10/08/2023 , 17:39:10,1721,1420.8
1374,10/08/2023 , 17:54:10,1191,983.2
1375,10/08/2023 , 18:09:10,1126,929.6
1376,10/08/2023 , 18:24:10,1092,901.5
1377,10/08/2023 , 18:39:10,1101,908.9
1378,10/08/2023 , 18:54:10,1144,944.4
1379,10/08/2023 , 19:09:10,1341,1107.1
1380,10/08/2023 , 19:24:10,1141,942
1381,10/08/2023 , 19:39:10,709,585.3
1382,10/08/2023 , 19:54:10,385,317.8
1383,10/08/2023 , 20:09:10,104,85.9
1384,10/08/2023 , 20:24:10,14,11.6
1385,10/08/2023 , 20:39:10,0,0
1386,10/08/2023 , 20:54:10,0,0
1387,10/08/2023 , 21:09:10,0,0
1388,10/08/2023 , 21:24:10,0,0
1389,10/08/2023 , 21:39:10,0,0
1390,10/08/2023 , 21:54:10,0,0
1391,10/08/2023 , 22:09:10,0,0
1392,10/08/2023 , 22:24:10,0,0
1393,10/08/2023 , 22:39:10,0,0
1394,10/08/2023 , 22:54:10,0,0
1395,10/08/2023 , 23:09:10,0,0
1396,10/08/2023 , 23:24:10,0,0
1397,10/08/2023 , 23:39:10,0,0
1398,10/08/2023 , 23:54:10,0,0
1399,11/08/2023 , 00:09:10,0,0
1400,11/08/2023 , 00:24:10,0,0
1401,11/08/2023 , 00:39:10,0,0
1402,11/08/2023 , 00:54:10,0,0
1403,11/08/2023 , 01:09:10,0,0
1404,11/08/2023 , 01:24:10,0,0
1405,11/08/2023 , 01:39:10,0,0
1406,11/08/2023 , 01:54:10,0,0
1407,11/08/2023 , 02:09:10,0,0
1408,11/08/2023 , 02:24:10,0,0
1409,11/08/2023 , 02:39:10,0,0
1410,11/08/2023 , 02:54:10,0,0
1411,11/08/2023 , 03:09:10,0,0
1412,11/08/2023 , 03:24:10,0,0
1413,11/08/2023 , 03:39:10,0,0
1414,11/08/2023 , 03:54:10,0,0
1415,11/08/2023 , 04:09:10,0,0
1416,11/08/2023 , 04:24:10,0,0
1417,11/08/2023 , 04:39:10,0,0
1418,11/08/2023 , 04:54:10,0,0
1419,11/08/2023 , 05:09:10,0,0
1420,11/08/2023 , 05:24:10,0,0
1421,11/08/2023 , 05:39:10,0,0
1422,11/08/2023 , 05:54:10,0,0
1423,11/08/2023 , 06:09:10,0,0
1424,11/08/2023 , 06:24:10,0,0
1425,11/08/2023 , 06:39:10,13,10.7
1426,11/08/2023 , 06:54:10,90,74.3
1427,11/08/2023 , 07:09:10,264,217.9
1428,11/08/2023 , 07:24:10,489,403.7
1429,11/08/2023 , 07:39:10,778,642.3
1430,11/08/2023 , 07:54:10,1085,895.7
1431,11/08/2023 , 08:09:10,1422,1173.9
1432,11/08/2023 , 08:24:10,1802,1487.7
1433,11/08/2023 , 08:39:10,2202,1817.9
1434,11/08/2023 , 08:54:10,2645,2183.6
1435,11/08/2023 , 09:09:10,3177,2622.8
1436,11/08/2023 , 09:24:10,3876,3199.9
1437,11/08/2023 , 09:39:10,4444,3668.8
1438,11/08/2023 , 09:54:10,4932,4071.7
1439,11/08/2023 , 10:09:10,6149,5076.4
1440,11/08/2023 , 10:24:10,6326,5222.5
1441,11/08/2023 , 10:39:10,7012,5788.8
1442,11/08/2023 , 10:54:10,7495,6187.6
1443,11/08/2023 , 11:09:10,8180,6753.1
1444,11/08/2023 , 11:24:10,8592,7093.2
1445,11/08/2023 , 11:39:10,9129,7536.5
1446,11/08/2023 , 11:54:10,9668,7981.5
1447,11/08/2023 , 12:09:10,9835,8119.4
1448,11/08/2023 , 12:24:10,10162,8389.3
1449,11/08/2023 , 12:39:10,10717,8847.5
1450,11/08/2023 , 12:54:10,11011,9090.2
1451,11/08/2023 , 13:09:10,11023,9100.1
1452,11/08/2023 , 13:24:10,11253,9290
1453,11/08/2023 , 13:39:10,11141,9197.5
1454,11/08/2023 , 13:54:10,10990,9072.9
1455,11/08/2023 , 14:09:10,11024,9100.9
1456,11/08/2023 , 14:24:10,10289,8494.2
1457,11/08/2023 , 14:39:10,10364,8556.1
1458,11/08/2023 , 14:54:10,10336,8533
1459,11/08/2023 , 15:09:10,9802,8092.1
1460,11/08/2023 , 15:24:10,9475,7822.2
1461,11/08/2023 , 15:39:10,9017,7444.1
1462,11/08/2023 , 15:54:10,8559,7065.9
1463,11/08/2023 , 16:09:10,7717,6370.8
1464,11/08/2023 , 16:24:10,7125,5882.1
1465,11/08/2023 , 16:39:10,6699,5530.4
1466,11/08/2023 , 16:54:10,4677,3861.1
1467,11/08/2023 , 17:09:10,5598,4621.5
1468,11/08/2023 , 17:24:10,4983,4113.8
1469,11/08/2023 , 17:39:10,4286,3538.3
1470,11/08/2023 , 17:54:10,3746,3092.5
1471,11/08/2023 , 18:09:10,3147,2598
1472,11/08/2023 , 18:24:10,2563,2115.9
1473,11/08/2023 , 18:39:10,2055,1696.5
1474,11/08/2023 , 18:54:10,1589,1311.8
1475,11/08/2023 , 19:09:10,1181,975
1476,11/08/2023 , 19:24:10,822,678.6
1477,11/08/2023 , 19:39:10,521,430.1
1478,11/08/2023 , 19:54:10,276,227.9
1479,11/08/2023 , 20:09:10,99,81.7
1480,11/08/2023 , 20:24:10,14,11.6
1481,11/08/2023 , 20:39:10,0,0
1482,11/08/2023 , 20:54:10,0,0
1483,11/08/2023 , 21:09:10,0,0
1484,11/08/2023 , 21:24:10,0,0
1485,11/08/2023 , 21:39:10,0,0
1486,11/08/2023 , 21:54:10,0,0
1487,11/08/2023 , 22:09:10,0,0
1488,11/08/2023 , 22:24:10,0,0
1489,11/08/2023 , 22:39:10,0,0
1490,11/08/2023 , 22:54:10,0,0
1491,11/08/2023 , 23:09:10,0,0
1492,11/08/2023 , 23:24:10,0,0
1493,11/08/2023 , 23:39:10,0,0
1494,11/08/2023 , 23:54:10,0,0
1495,12/08/2023 , 00:09:10,0,0
1496,12/08/2023 , 00:24:10,0,0
1497,12/08/2023 , 00:39:10,0,0
1498,12/08/2023 , 00:54:10,0,0
1499,12/08/2023 , 01:09:10,0,0
1500,12/08/2023 , 01:24:10,0,0
1501,12/08/2023 , 01:39:10,0,0
1502,12/08/2023 , 01:54:10,0,0
1503,12/08/2023 , 02:09:10,0,0
1504,12/08/2023 , 02:24:10,0,0
1505,12/08/2023 , 02:39:10,0,0
1506,12/08/2023 , 02:54:10,0,0
1507,12/08/2023 , 03:09:10,0,0
1508,12/08/2023 , 03:24:10,0,0
1509,12/08/2023 , 03:39:10,0,0
1510,12/08/2023 , 03:54:10,0,0
1511,12/08/2023 , 04:09:10,0,0
1512,12/08/2023 , 04:24:10,0,0
1513,12/08/2023 , 04:39:10,0,0
1514,12/08/2023 , 04:54:10,0,0
1515,12/08/2023 , 05:09:10,0,0
1516,12/08/2023 , 05:24:10,0,0
1517,12/08/2023 , 05:39:10,0,0
1518,12/08/2023 , 05:54:10,0,0
1519,12/08/2023 , 06:09:10,0,0
1520,12/08/2023 , 06:24:10,0,0
1521,12/08/2023 , 06:39:10,13,10.7
1522,12/08/2023 , 06:54:10,97,80.1
1523,12/08/2023 , 07:09:10,271,223.7
1524,12/08/2023 , 07:24:10,436,359.9
1525,12/08/2023 , 07:39:10,590,487.1
1526,12/08/2023 , 07:54:10,658,543.2
1527,12/08/2023 , 08:09:10,834,688.5
1528,12/08/2023 , 08:24:10,2009,1658.5
1529,12/08/2023 , 08:39:10,2253,1860
1530,12/08/2023 , 08:54:10,3205,2645.9
1531,12/08/2023 , 09:09:10,4756,3926.4
1532,12/08/2023 , 09:24:10,3728,3077.7
1533,12/08/2023 , 09:39:10,3892,3213.1
1534,12/08/2023 , 09:54:10,2056,1697.3
1535,12/08/2023 , 10:09:10,1835,1514.9
1536,12/08/2023 , 10:24:10,1464,1208.6
1537,12/08/2023 , 10:39:10,1705,1407.6
1538,12/08/2023 , 10:54:10,3203,2644.3
1539,12/08/2023 , 11:09:10,3265,2695.4
1540,12/08/2023 , 11:24:10,2386,1969.8
1541,12/08/2023 , 11:39:10,2685,2216.6
1542,12/08/2023 , 11:54:10,8185,6757.2
1543,12/08/2023 , 12:09:10,11008,9087.7
1544,12/08/2023 , 12:24:10,10220,8437.2
1545,12/08/2023 , 12:39:10,11191,9238.8
1546,12/08/2023 , 12:54:10,9176,7575.3
1547,12/08/2023 , 13:09:10,10555,8713.8
1548,12/08/2023 , 13:24:10,11280,9312.3
1549,12/08/2023 , 13:39:10,11404,9414.7
1550,12/08/2023 , 13:54:10,11362,9380
1551,12/08/2023 , 14:09:10,11268,9302.4
1552,12/08/2023 , 14:24:10,11101,9164.5
1553,12/08/2023 , 14:39:10,10949,9039
1554,12/08/2023 , 14:54:10,10736,8863.2
1555,12/08/2023 , 15:09:10,10442,8620.5
1556,12/08/2023 , 15:24:10,9887,8162.3
1557,12/08/2023 , 15:39:10,9601,7926.2
1558,12/08/2023 , 15:54:10,9180,7578.6
1559,12/08/2023 , 16:09:10,8628,7122.9
1560,12/08/2023 , 16:24:10,7499,6190.9
1561,12/08/2023 , 16:39:10,5924,4890.6
1562,12/08/2023 , 16:54:10,6365,5254.7
1563,12/08/2023 , 17:09:10,6142,5070.6
1564,12/08/2023 , 17:24:10,5105,4214.5
1565,12/08/2023 , 17:39:10,4443,3668
1566,12/08/2023 , 17:54:10,4433,3659.7
1567,12/08/2023 , 18:09:10,4186,3455.8
1568,12/08/2023 , 18:24:10,2859,2360.3
1569,12/08/2023 , 18:39:10,1733,1430.7
1570,12/08/2023 , 18:54:10,1043,861.1
1571,12/08/2023 , 19:09:10,654,539.9
1572,12/08/2023 , 19:24:10,619,511
1573,12/08/2023 , 19:39:10,539,445
1574,12/08/2023 , 19:54:10,311,256.7
1575,12/08/2023 , 20:09:10,77,63.6
1576,12/08/2023 , 20:24:10,8,6.6
1577,12/08/2023 , 20:39:10,0,0
1578,12/08/2023 , 20:54:10,0,0
1579,12/08/2023 , 21:09:10,0,0
1580,12/08/2023 , 21:24:10,0,0
1581,12/08/2023 , 21:39:10,0,0
1582,12/08/2023 , 21:54:10,0,0
1583,12/08/2023 , 22:09:10,0,0
1584,12/08/2023 , 22:24:10,0,0
1585,12/08/2023 , 22:39:10,0,0
1586,12/08/2023 , 22:54:10,0,0
1587,12/08/2023 , 23:09:10,0,0
1588,12/08/2023 , 23:24:10,0,0
1589,12/08/2023 , 23:39:10,0,0
1590,12/08/2023 , 23:54:10,0,0
1591,13/08/2023 , 00:09:10,0,0
1592,13/08/2023 , 00:24:10,0,0
1593,13/08/2023 , 00:39:10,0,0
1594,13/08/2023 , 00:54:10,0,0
1595,13/08/2023 , 01:09:10,0,0
1596,13/08/2023 , 01:24:10,0,0
1597,13/08/2023 , 01:39:10,0,0
1598,13/08/2023 , 01:54:10,0,0
1599,13/08/2023 , 02:09:10,0,0
1600,13/08/2023 , 02:24:10,0,0
1601,13/08/2023 , 02:39:10,0,0
1602,13/08/2023 , 02:54:10,0,0
1603,13/08/2023 , 03:09:10,0,0
1604,13/08/2023 , 03:24:10,0,0
1605,13/08/2023 , 03:39:10,0,0
1606,13/08/2023 , 03:54:10,0,0
1607,13/08/2023 , 04:09:10,0,0
1608,13/08/2023 , 04:24:10,0,0
1609,13/08/2023 , 04:39:10,0,0
1610,13/08/2023 , 04:54:10,0,0
1611,13/08/2023 , 05:09:10,0,0
1612,13/08/2023 , 05:24:10,0,0
1613,13/08/2023 , 05:39:10,0,0
1614,13/08/2023 , 05:54:10,0,0
1615,13/08/2023 , 06:09:10,0,0
1616,13/08/2023 , 06:24:10,0,0
1617,13/08/2023 , 06:39:10,10,8.3
1618,13/08/2023 , 06:54:10,121,99.9
1619,13/08/2023 , 07:09:10,430,355
1620,13/08/2023 , 07:24:10,874,721.5
1621,13/08/2023 , 07:39:10,1380,1139.3
1622,13/08/2023 , 07:54:10,1615,1333.3
1623,13/08/2023 , 08:09:10,1424,1175.6
1624,13/08/2023 , 08:24:10,1732,1429.9
1625,13/08/2023 , 08:39:10,2503,2066.4
1626,13/08/2023 , 08:54:10,1388,1145.9
1627,13/08/2023 , 09:09:10,3465,2860.6
1628,13/08/2023 , 09:24:10,4243,3502.8
1629,13/08/2023 , 09:39:10,4845,3999.8
1630,13/08/2023 , 09:54:10,5459,4506.7
1631,13/08/2023 , 10:09:10,6098,5034.3
1632,13/08/2023 , 10:24:10,6478,5348
1633,13/08/2023 , 10:39:10,6950,5737.6
1634,13/08/2023 , 10:54:10,7842,6474
1635,13/08/2023 , 11:09:10,8538,7048.6
1636,13/08/2023 , 11:24:10,9024,7449.8
1637,13/08/2023 , 11:39:10,9054,7474.6
1638,13/08/2023 , 11:54:10,9922,8191.2
1639,13/08/2023 , 12:09:10,10290,8495
1640,13/08/2023 , 12:24:10,10625,8771.6
1641,13/08/2023 , 12:39:10,10924,9018.4
1642,13/08/2023 , 12:54:10,11270,9304
1643,13/08/2023 , 13:09:10,11437,9441.9
1644,13/08/2023 , 13:24:10,11503,9496.4
1645,13/08/2023 , 13:39:10,11548,9533.5
1646,13/08/2023 , 13:54:10,11505,9498
1647,13/08/2023 , 14:09:10,11324,9348.6
1648,13/08/2023 , 14:24:10,11181,9230.6
1649,13/08/2023 , 14:39:10,10957,9045.6
1650,13/08/2023 , 14:54:10,10110,8346.4
1651,13/08/2023 , 15:09:10,9409,7767.7
1652,13/08/2023 , 15:24:10,8837,7295.5
1653,13/08/2023 , 15:39:10,7679,6339.5
1654,13/08/2023 , 15:54:10,9290,7669.4
1655,13/08/2023 , 16:09:10,8844,7301.2
1656,13/08/2023 , 16:24:10,8140,6720
1657,13/08/2023 , 16:39:10,7066,5833.4
1658,13/08/2023 , 16:54:10,6433,5310.8
1659,13/08/2023 , 17:09:10,5356,4421.7
1660,13/08/2023 , 17:24:10,5079,4193
1661,13/08/2023 , 17:39:10,4792,3956.1
1662,13/08/2023 , 17:54:10,3960,3269.2
1663,13/08/2023 , 18:09:10,3325,2745
1664,13/08/2023 , 18:24:10,2633,2173.7
1665,13/08/2023 , 18:39:10,2266,1870.7
1666,13/08/2023 , 18:54:10,1556,1284.6
1667,13/08/2023 , 19:09:10,676,558.1
1668,13/08/2023 , 19:24:10,477,393.8
1669,13/08/2023 , 19:39:10,323,266.7
1670,13/08/2023 , 19:54:10,197,162.6
1671,13/08/2023 , 20:09:10,63,52
1672,13/08/2023 , 20:24:10,7,5.8
1673,13/08/2023 , 20:39:10,0,0
1674,13/08/2023 , 20:54:10,0,0
1675,13/08/2023 , 21:09:10,0,0
1676,13/08/2023 , 21:24:10,0,0
1677,13/08/2023 , 21:39:10,0,0
1678,13/08/2023 , 21:54:10,0,0
1679,13/08/2023 , 22:09:10,0,0
1680,13/08/2023 , 22:24:10,0,0
1681,13/08/2023 , 22:39:10,0,0
1682,13/08/2023 , 22:54:10,0,0
1683,13/08/2023 , 23:09:10,0,0
1684,13/08/2023 , 23:24:10,0,0
1685,13/08/2023 , 23:39:10,0,0
1686,13/08/2023 , 23:54:10,0,0
1687,14/08/2023 , 00:09:10,0,0
1688,14/08/2023 , 00:24:10,0,0
1689,14/08/2023 , 00:39:10,0,0
1690,14/08/2023 , 00:54:10,0,0
1691,14/08/2023 , 01:09:10,0,0
1692,14/08/2023 , 01:24:10,0,0
1693,14/08/2023 , 01:39:10,0,0
1694,14/08/2023 , 01:54:10,0,0
1695,14/08/2023 , 02:09:10,0,0
1696,14/08/2023 , 02:24:10,0,0
1697,14/08/2023 , 02:39:10,0,0
1698,14/08/2023 , 02:54:10,0,0
1699,14/08/2023 , 03:09:10,0,0
1700,14/08/2023 , 03:24:10,0,0
1701,14/08/2023 , 03:39:10,0,0
1702,14/08/2023 , 03:54:10,0,0
1703,14/08/2023 , 04:09:10,0,0
1704,14/08/2023 , 04:24:10,0,0
1705,14/08/2023 , 04:39:10,0,0
1706,14/08/2023 , 04:54:10,0,0
1707,14/08/2023 , 05:09:10,0,0
1708,14/08/2023 , 05:24:10,0,0
1709,14/08/2023 , 05:39:10,0,0
1710,14/08/2023 , 05:54:10,0,0
1711,14/08/2023 , 06:09:10,0,0
1712,14/08/2023 , 06:24:10,0,0
1713,14/08/2023 , 06:39:10,5,4.1
1714,14/08/2023 , 06:54:10,62,51.2
1715,14/08/2023 , 07:09:10,192,158.5
1716,14/08/2023 , 07:24:10,353,291.4
1717,14/08/2023 , 07:39:10,401,331
1718,14/08/2023 , 07:54:10,555,458.2
1719,14/08/2023 , 08:09:10,1103,910.6
1720,14/08/2023 , 08:24:10,1503,1240.8
1721,14/08/2023 , 08:39:10,1609,1328.3
1722,14/08/2023 , 08:54:10,3073,2536.9
1723,14/08/2023 , 09:09:10,2244,1852.6
1724,14/08/2023 , 09:24:10,1895,1564.4
1725,14/08/2023 , 09:39:10,2969,2451.1
1726,14/08/2023 , 09:54:10,5213,4303.6
1727,14/08/2023 , 10:09:10,4573,3775.3
1728,14/08/2023 , 10:24:10,6143,5071.4
1729,14/08/2023 , 10:39:10,7579,6256.9
1730,14/08/2023 , 10:54:10,7967,6577.2
1731,14/08/2023 , 11:09:10,8644,7136.1
1732,14/08/2023 , 11:24:10,7841,6473.2
1733,14/08/2023 , 11:39:10,9036,7459.7
1734,14/08/2023 , 11:54:10,9928,8196.1
1735,14/08/2023 , 12:09:10,10445,8623
1736,14/08/2023 , 12:24:10,10214,8432.2
1737,14/08/2023 , 12:39:10,7667,6329.6
1738,14/08/2023 , 12:54:10,11516,9507.1
1739,14/08/2023 , 13:09:10,11413,9422.1
1740,14/08/2023 , 13:24:10,11487,9483.2
1741,14/08/2023 , 13:39:10,11500,9493.9
1742,14/08/2023 , 13:54:10,11473,9471.6
1743,14/08/2023 , 14:09:10,11428,9434.5
1744,14/08/2023 , 14:24:10,11315,9341.2
1745,14/08/2023 , 14:39:10,11077,9144.7
1746,14/08/2023 , 14:54:10,10813,8926.8
1747,14/08/2023 , 15:09:10,10596,8747.6
1748,14/08/2023 , 15:24:10,10100,8338.1
1749,14/08/2023 , 15:39:10,9626,7946.8
1750,14/08/2023 , 15:54:10,9157,7559.6
1751,14/08/2023 , 16:09:10,8388,6924.8
1752,14/08/2023 , 16:24:10,7672,6333.7
1753,14/08/2023 , 16:39:10,7206,5949
1754,14/08/2023 , 16:54:10,6596,5445.4
1755,14/08/2023 , 17:09:10,5721,4723
1756,14/08/2023 , 17:24:10,4982,4112.9
1757,14/08/2023 , 17:39:10,4479,3697.7
1758,14/08/2023 , 17:54:10,3768,3110.7
1759,14/08/2023 , 18:09:10,3132,2585.6
1760,14/08/2023 , 18:24:10,2626,2167.9
1761,14/08/2023 , 18:39:10,2110,1741.9
1762,14/08/2023 , 18:54:10,1648,1360.5
1763,14/08/2023 , 19:09:10,1160,957.6
1764,14/08/2023 , 19:24:10,799,659.6
1765,14/08/2023 , 19:39:10,423,349.2
1766,14/08/2023 , 19:54:10,195,161
1767,14/08/2023 , 20:09:10,61,50.4
1768,14/08/2023 , 20:24:10,6,5
1769,14/08/2023 , 20:39:10,0,0
1770,14/08/2023 , 20:54:10,0,0
1771,14/08/2023 , 21:09:10,0,0
1772,14/08/2023 , 21:24:10,0,0
1773,14/08/2023 , 21:39:10,0,0
1774,14/08/2023 , 21:54:10,0,0
1775,14/08/2023 , 22:09:10,0,0
1776,14/08/2023 , 22:24:10,0,0
1777,14/08/2023 , 22:39:10,0,0
1778,14/08/2023 , 22:54:10,0,0
1779,14/08/2023 , 23:09:10,0,0
1780,14/08/2023 , 23:24:10,0,0
1781,14/08/2023 , 23:39:10,0,0
1782,14/08/2023 , 23:54:10,0,0
1783,15/08/2023 , 00:09:10,0,0
1784,15/08/2023 , 00:24:10,0,0
1785,15/08/2023 , 00:39:10,0,0
1786,15/08/2023 , 00:54:10,0,0
1787,15/08/2023 , 01:09:10,0,0
1788,15/08/2023 , 01:24:10,0,0
1789,15/08/2023 , 01:39:10,0,0
1790,15/08/2023 , 01:54:10,0,0
1791,15/08/2023 , 02:09:10,0,0
1792,15/08/2023 , 02:24:10,0,0
1793,15/08/2023 , 02:39:10,0,0
1794,15/08/2023 , 02:54:10,0,0
1795,15/08/2023 , 03:09:10,0,0
1796,15/08/2023 , 03:24:10,0,0
1797,15/08/2023 , 03:39:10,0,0
1798,15/08/2023 , 03:54:10,0,0
1799,15/08/2023 , 04:09:10,0,0
1800,15/08/2023 , 04:24:10,0,0
1801,15/08/2023 , 04:39:10,0,0
1802,15/08/2023 , 04:54:10,0,0
1803,15/08/2023 , 05:09:10,0,0
1804,15/08/2023 , 05:24:10,0,0
1805,15/08/2023 , 05:39:10,0,0
1806,15/08/2023 , 05:54:10,0,0
1807,15/08/2023 , 06:09:10,0,0
1808,15/08/2023 , 06:24:10,0,0
1809,15/08/2023 , 06:39:10,9,7.4
1810,15/08/2023 , 06:54:10,76,62.7
1811,15/08/2023 , 07:09:10,209,172.5
1812,15/08/2023 , 07:24:10,428,353.3
1813,15/08/2023 , 07:39:10,690,569.6
1814,15/08/2023 , 07:54:10,1056,871.8
1815,15/08/2023 , 08:09:10,1709,1410.9
1816,15/08/2023 , 08:24:10,2057,1698.2
1817,15/08/2023 , 08:39:10,2122,1751.8
1818,15/08/2023 , 08:54:10,2122,1751.8
1819,15/08/2023 , 09:09:10,3359,2773
1820,15/08/2023 , 09:24:10,3710,3062.8
1821,15/08/2023 , 09:39:10,4295,3545.8
1822,15/08/2023 , 09:54:10,4861,4013
1823,15/08/2023 , 10:09:10,5475,4519.9
1824,15/08/2023 , 10:24:10,6050,4994.6
1825,15/08/2023 , 10:39:10,6702,5532.9
1826,15/08/2023 , 10:54:10,7312,6036.5
1827,15/08/2023 , 11:09:10,7939,6554.1
1828,15/08/2023 , 11:24:10,7932,6548.3
1829,15/08/2023 , 11:39:10,9139,7544.8
1830,15/08/2023 , 11:54:10,9477,7823.8
1831,15/08/2023 , 12:09:10,8661,7150.2
1832,15/08/2023 , 12:24:10,7899,6521.1
1833,15/08/2023 , 12:39:10,10672,8810.4
1834,15/08/2023 , 12:54:10,11086,9152.1
1835,15/08/2023 , 13:09:10,4861,4013
1836,15/08/2023 , 13:24:10,12493,10313.7
1837,15/08/2023 , 13:39:10,11587,9565.7
1838,15/08/2023 , 13:54:10,11643,9612
1839,15/08/2023 , 14:09:10,11158,9211.6
1840,15/08/2023 , 14:24:10,10938,9030
1841,15/08/2023 , 14:39:10,11106,9168.6
1842,15/08/2023 , 14:54:10,11590,9568.2
1843,15/08/2023 , 15:09:10,10957,9045.6
1844,15/08/2023 , 15:24:10,10021,8272.9
1845,15/08/2023 , 15:39:10,3871,3195.7
1846,15/08/2023 , 15:54:10,8654,7144.4
1847,15/08/2023 , 16:09:10,7547,6230.5
1848,15/08/2023 , 16:24:10,7520,6208.2
1849,15/08/2023 , 16:39:10,6912,5706.3
1850,15/08/2023 , 16:54:10,5657,4670.2
1851,15/08/2023 , 17:09:10,5385,4445.6
1852,15/08/2023 , 17:24:10,4571,3773.6
1853,15/08/2023 , 17:39:10,3602,2973.7
1854,15/08/2023 , 17:54:10,1874,1547.1
1855,15/08/2023 , 18:09:10,3200,2641.8
1856,15/08/2023 , 18:24:10,2596,2143.1
1857,15/08/2023 , 18:39:10,2148,1773.3
1858,15/08/2023 , 18:54:10,1559,1287
1859,15/08/2023 , 19:09:10,1034,853.6
1860,15/08/2023 , 19:24:10,681,562.2
1861,15/08/2023 , 19:39:10,412,340.1
1862,15/08/2023 , 19:54:10,199,164.3
1863,15/08/2023 , 20:09:10,64,52.8
1864,15/08/2023 , 20:24:10,6,5
1865,15/08/2023 , 20:39:10,0,0
1866,15/08/2023 , 20:54:10,0,0
1867,15/08/2023 , 21:09:10,0,0
1868,15/08/2023 , 21:24:10,0,0
1869,15/08/2023 , 21:39:10,0,0
1870,15/08/2023 , 21:54:10,0,0
1871,15/08/2023 , 22:09:10,0,0
1872,15/08/2023 , 22:24:10,0,0
1873,15/08/2023 , 22:39:10,0,0
1874,15/08/2023 , 22:54:10,0,0
1875,15/08/2023 , 23:09:10,0,0
1876,15/08/2023 , 23:24:10,0,0
1877,15/08/2023 , 23:39:10,0,0
1878,15/08/2023 , 23:54:10,0,0
1879,16/08/2023 , 00:09:10,0,0
1880,16/08/2023 , 00:24:10,0,0
1881,16/08/2023 , 00:39:10,0,0
1882,16/08/2023 , 00:54:10,0,0
1883,16/08/2023 , 01:09:10,0,0
1884,16/08/2023 , 01:24:10,0,0
1885,16/08/2023 , 01:39:10,0,0
1886,16/08/2023 , 01:54:10,0,0
1887,16/08/2023 , 02:09:10,0,0
1888,16/08/2023 , 02:24:10,0,0
1889,16/08/2023 , 02:39:10,0,0
1890,16/08/2023 , 02:54:10,0,0
1891,16/08/2023 , 03:09:10,0,0
1892,16/08/2023 , 03:24:10,0,0
1893,16/08/2023 , 03:39:10,0,0
1894,16/08/2023 , 03:54:10,0,0
1895,16/08/2023 , 04:09:10,0,0
1896,16/08/2023 , 04:24:10,0,0
1897,16/08/2023 , 04:39:10,0,0
1898,16/08/2023 , 04:54:10,0,0
1899,16/08/2023 , 05:09:10,0,0
1900,16/08/2023 , 05:24:10,0,0
1901,16/08/2023 , 05:39:10,0,0
1902,16/08/2023 , 05:54:10,0,0
1903,16/08/2023 , 06:09:10,0,0
1904,16/08/2023 , 06:24:10,0,0
1905,16/08/2023 , 06:39:10,6,5
1906,16/08/2023 , 06:54:10,70,57.8
1907,16/08/2023 , 07:09:10,200,165.1
1908,16/08/2023 , 07:24:10,362,298.9
1909,16/08/2023 , 07:39:10,671,553.9
1910,16/08/2023 , 07:54:10,964,795.8
1911,16/08/2023 , 08:09:10,1258,1038.6
1912,16/08/2023 , 08:24:10,1671,1379.5
1913,16/08/2023 , 08:39:10,1807,1491.8
1914,16/08/2023 , 08:54:10,2686,2217.4
1915,16/08/2023 , 09:09:10,2512,2073.8
1916,16/08/2023 , 09:24:10,3650,3013.3
1917,16/08/2023 , 09:39:10,4181,3451.7
1918,16/08/2023 , 09:54:10,4594,3792.6
1919,16/08/2023 , 10:09:10,5291,4368
1920,16/08/2023 , 10:24:10,5837,4818.8
1921,16/08/2023 , 10:39:10,6223,5137.4
1922,16/08/2023 , 10:54:10,6890,5688.1
1923,16/08/2023 , 11:09:10,7435,6138
1924,16/08/2023 , 11:24:10,7964,6574.7
1925,16/08/2023 , 11:39:10,8633,7127
1926,16/08/2023 , 11:54:10,8875,7326.8
1927,16/08/2023 , 12:09:10,9335,7706.6
1928,16/08/2023 , 12:24:10,9831,8116.1
1929,16/08/2023 , 12:39:10,10074,8316.7
1930,16/08/2023 , 12:54:10,10255,8466.1
1931,16/08/2023 , 13:09:10,10383,8571.8
1932,16/08/2023 , 13:24:10,10446,8623.8
1933,16/08/2023 , 13:39:10,10544,8704.7
1934,16/08/2023 , 13:54:10,10499,8667.5
1935,16/08/2023 , 14:09:10,10449,8626.3
1936,16/08/2023 , 14:24:10,10350,8544.5
1937,16/08/2023 , 14:39:10,10022,8273.7
1938,16/08/2023 , 14:54:10,9773,8068.2
1939,16/08/2023 , 15:09:10,9385,7747.9
1940,16/08/2023 , 15:24:10,8915,7359.8
1941,16/08/2023 , 15:39:10,8432,6961.1
1942,16/08/2023 , 15:54:10,7858,6487.2
1943,16/08/2023 , 16:09:10,7353,6070.3
1944,16/08/2023 , 16:24:10,6819,5629.5
1945,16/08/2023 , 16:39:10,6224,5138.3
1946,16/08/2023 , 16:54:10,5601,4623.9
1947,16/08/2023 , 17:09:10,5009,4135.2
1948,16/08/2023 , 17:24:10,4375,3611.8
1949,16/08/2023 , 17:39:10,3795,3133
1950,16/08/2023 , 17:54:10,3237,2672.3
1951,16/08/2023 , 18:09:10,2715,2241.4
1952,16/08/2023 , 18:24:10,2204,1819.5
1953,16/08/2023 , 18:39:10,1659,1369.6
1954,16/08/2023 , 18:54:10,1225,1011.3
1955,16/08/2023 , 19:09:10,903,745.5
1956,16/08/2023 , 19:24:10,580,478.8
1957,16/08/2023 , 19:39:10,336,277.4
1958,16/08/2023 , 19:54:10,173,142.8
1959,16/08/2023 , 20:09:10,51,42.1
1960,16/08/2023 , 20:24:10,3,2.5
1961,16/08/2023 , 20:39:10,0,0
1962,16/08/2023 , 20:54:10,0,0
1963,16/08/2023 , 21:09:10,0,0
1964,16/08/2023 , 21:24:10,0,0
1965,16/08/2023 , 21:39:10,0,0
1966,16/08/2023 , 21:54:10,0,0
1967,16/08/2023 , 22:09:10,0,0
1968,16/08/2023 , 22:24:10,0,0
1969,16/08/2023 , 22:39:10,0,0
1970,16/08/2023 , 22:54:10,0,0
1971,16/08/2023 , 23:09:10,0,0
1972,16/08/2023 , 23:24:10,0,0
1973,16/08/2023 , 23:39:10,0,0
1974,16/08/2023 , 23:54:10,0,0
1975,17/08/2023 , 00:09:10,0,0
1976,17/08/2023 , 00:24:10,0,0
1977,17/08/2023 , 00:39:10,0,0
1978,17/08/2023 , 00:54:10,0,0
1979,17/08/2023 , 01:09:10,0,0
1980,17/08/2023 , 01:24:10,0,0
1981,17/08/2023 , 01:39:10,0,0
1982,17/08/2023 , 01:54:10,0,0
1983,17/08/2023 , 02:09:10,0,0
1984,17/08/2023 , 02:24:10,0,0
1985,17/08/2023 , 02:39:10,0,0
1986,17/08/2023 , 02:54:10,0,0
1987,17/08/2023 , 03:09:10,0,0
1988,17/08/2023 , 03:24:10,0,0
1989,17/08/2023 , 03:39:10,0,0
1990,17/08/2023 , 03:54:10,0,0
1991,17/08/2023 , 04:09:10,0,0
1992,17/08/2023 , 04:24:10,0,0
1993,17/08/2023 , 04:39:10,0,0
1994,17/08/2023 , 04:54:10,0,0
1995,17/08/2023 , 05:09:10,0,0
1996,17/08/2023 , 05:24:10,0,0
1997,17/08/2023 , 05:39:10,0,0
1998,17/08/2023 , 05:54:10,0,0
1999,17/08/2023 , 06:09:10,0,0
2000,17/08/2023 , 06:24:10,0,0
2001,17/08/2023 , 06:39:10,6,5
2002,17/08/2023 , 06:54:10,62,51.2
2003,17/08/2023 , 07:09:10,198,163.5
2004,17/08/2023 , 07:24:10,402,331.9
2005,17/08/2023 , 07:39:10,594,490.4
2006,17/08/2023 , 07:54:10,900,743
2007,17/08/2023 , 08:09:10,1077,889.1
2008,17/08/2023 , 08:24:10,1623,1339.9
2009,17/08/2023 , 08:39:10,1942,1603.2
2010,17/08/2023 , 08:54:10,2739,2261.2
2011,17/08/2023 , 09:09:10,2735,2257.9
2012,17/08/2023 , 09:24:10,3038,2508
2013,17/08/2023 , 09:39:10,3535,2918.3
2014,17/08/2023 , 09:54:10,4117,3398.8
2015,17/08/2023 , 10:09:10,4752,3923.1
2016,17/08/2023 , 10:24:10,5220,4309.4
2017,17/08/2023 , 10:39:10,5426,4479.5
2018,17/08/2023 , 10:54:10,6153,5079.7
2019,17/08/2023 , 11:09:10,6547,5404.9
2020,17/08/2023 , 11:24:10,7002,5780.6
2021,17/08/2023 , 11:39:10,6624,5468.5
2022,17/08/2023 , 11:54:10,7871,6498
2023,17/08/2023 , 12:09:10,8256,6815.8
2024,17/08/2023 , 12:24:10,8583,7085.8
2025,17/08/2023 , 12:39:10,8820,7281.4
2026,17/08/2023 , 12:54:10,9021,7447.4
2027,17/08/2023 , 13:09:10,9168,7568.7
2028,17/08/2023 , 13:24:10,9308,7684.3
2029,17/08/2023 , 13:39:10,9351,7719.8
2030,17/08/2023 , 13:54:10,9354,7722.3
2031,17/08/2023 , 14:09:10,9165,7566.2
2032,17/08/2023 , 14:24:10,9099,7511.8
2033,17/08/2023 , 14:39:10,8952,7390.4
2034,17/08/2023 , 14:54:10,8680,7165.8
2035,17/08/2023 , 15:09:10,8346,6890.1
2036,17/08/2023 , 15:24:10,8007,6610.2
2037,17/08/2023 , 15:39:10,7613,6285
2038,17/08/2023 , 15:54:10,7116,5874.7
2039,17/08/2023 , 16:09:10,6644,5485
2040,17/08/2023 , 16:24:10,6147,5074.7
2041,17/08/2023 , 16:39:10,5635,4652
2042,17/08/2023 , 16:54:10,5075,4189.7
2043,17/08/2023 , 17:09:10,4533,3742.3
2044,17/08/2023 , 17:24:10,3924,3239.5
2045,17/08/2023 , 17:39:10,3558,2937.3
2046,17/08/2023 , 17:54:10,2841,2345.4
2047,17/08/2023 , 18:09:10,2343,1934.3
2048,17/08/2023 , 18:24:10,1442,1190.5
2049,17/08/2023 , 18:39:10,1181,975
2050,17/08/2023 , 18:54:10,1100,908.1
2051,17/08/2023 , 19:09:10,814,672
2052,17/08/2023 , 19:24:10,570,470.6
2053,17/08/2023 , 19:39:10,340,280.7
2054,17/08/2023 , 19:54:10,156,128.8
2055,17/08/2023 , 20:09:10,40,33
2056,17/08/2023 , 20:24:10,3,2.5
2057,17/08/2023 , 20:39:10,0,0
2058,17/08/2023 , 20:54:10,0,0
2059,17/08/2023 , 21:09:10,0,0
2060,17/08/2023 , 21:24:10,0,0
2061,17/08/2023 , 21:39:10,0,0
2062,17/08/2023 , 21:54:10,0,0
2063,17/08/2023 , 22:09:10,0,0
2064,17/08/2023 , 22:24:10,0,0
2065,17/08/2023 , 22:39:10,0,0
2066,17/08/2023 , 22:54:10,0,0
2067,17/08/2023 , 23:09:10,0,0
2068,17/08/2023 , 23:24:10,0,0
2069,17/08/2023 , 23:39:10,0,0
2070,17/08/2023 , 23:54:10,0,0
2071,18/08/2023 , 00:09:10,0,0
2072,18/08/2023 , 00:24:10,0,0
2073,18/08/2023 , 00:39:10,0,0
2074,18/08/2023 , 00:54:10,0,0
2075,18/08/2023 , 01:09:10,0,0
2076,18/08/2023 , 01:24:10,0,0
2077,18/08/2023 , 01:39:10,0,0
2078,18/08/2023 , 01:54:10,0,0
2079,18/08/2023 , 02:09:10,0,0
2080,18/08/2023 , 02:24:10,0,0
2081,18/08/2023 , 02:39:10,0,0
2082,18/08/2023 , 02:54:10,0,0
2083,18/08/2023 , 03:09:10,0,0
2084,18/08/2023 , 03:24:10,0,0
2085,18/08/2023 , 03:39:10,0,0
2086,18/08/2023 , 03:54:10,0,0
2087,18/08/2023 , 04:09:10,0,0
2088,18/08/2023 , 04:24:10,0,0
2089,18/08/2023 , 04:39:10,0,0
2090,18/08/2023 , 04:54:10,0,0
2091,18/08/2023 , 05:09:10,0,0
2092,18/08/2023 , 05:24:10,0,0
2093,18/08/2023 , 05:39:10,0,0
2094,18/08/2023 , 05:54:10,0,0
2095,18/08/2023 , 06:09:10,0,0
2096,18/08/2023 , 06:24:10,0,0
2097,18/08/2023 , 06:39:10,3,2.5
2098,18/08/2023 , 06:54:10,53,43.8
2099,18/08/2023 , 07:09:10,172,142
2100,18/08/2023 , 07:24:10,369,304.6
2101,18/08/2023 , 07:39:10,627,517.6
2102,18/08/2023 , 07:54:10,839,692.6
2103,18/08/2023 , 08:09:10,1098,906.5
2104,18/08/2023 , 08:24:10,1497,1235.9
2105,18/08/2023 , 08:39:10,1729,1427.4
2106,18/08/2023 , 08:54:10,2239,1848.4
2107,18/08/2023 , 09:09:10,2684,2215.8
2108,18/08/2023 , 09:24:10,3170,2617
2109,18/08/2023 , 09:39:10,3535,2918.3
2110,18/08/2023 , 09:54:10,4042,3336.9
2111,18/08/2023 , 10:09:10,4388,3622.5
2112,18/08/2023 , 10:24:10,4755,3925.5
2113,18/08/2023 , 10:39:10,5152,4253.3
2114,18/08/2023 , 10:54:10,5842,4822.9
2115,18/08/2023 , 11:09:10,6272,5177.9
2116,18/08/2023 , 11:24:10,6828,5636.9
2117,18/08/2023 , 11:39:10,6849,5654.2
2118,18/08/2023 , 11:54:10,7636,6304
2119,18/08/2023 , 12:09:10,7838,6470.7
2120,18/08/2023 , 12:24:10,8135,6715.9
2121,18/08/2023 , 12:39:10,8452,6977.6
2122,18/08/2023 , 12:54:10,8690,7174.1
2123,18/08/2023 , 13:09:10,8901,7348.3
2124,18/08/2023 , 13:24:10,8023,6623.5
2125,18/08/2023 , 13:39:10,8955,7392.9
2126,18/08/2023 , 13:54:10,7893,6516.1
2127,18/08/2023 , 14:09:10,8966,7402
2128,18/08/2023 , 14:24:10,9079,7495.2
2129,18/08/2023 , 14:39:10,9145,7549.7
2130,18/08/2023 , 14:54:10,8705,7186.5
2131,18/08/2023 , 15:09:10,8351,6894.2
2132,18/08/2023 , 15:24:10,8005,6608.6
2133,18/08/2023 , 15:39:10,7540,6224.7
2134,18/08/2023 , 15:54:10,7087,5850.7
2135,18/08/2023 , 16:09:10,6551,5408.2
2136,18/08/2023 , 16:24:10,6127,5058.2
2137,18/08/2023 , 16:39:10,5627,4645.4
2138,18/08/2023 , 16:54:10,5089,4201.3
2139,18/08/2023 , 17:09:10,4552,3757.9
2140,18/08/2023 , 17:24:10,3996,3298.9
2141,18/08/2023 , 17:39:10,2751,2271.1
2142,18/08/2023 , 17:54:10,1924,1588.4
2143,18/08/2023 , 18:09:10,1822,1504.2
2144,18/08/2023 , 18:24:10,1584,1307.7
2145,18/08/2023 , 18:39:10,1553,1282.1
2146,18/08/2023 , 18:54:10,1184,977.5
2147,18/08/2023 , 19:09:10,850,701.7
2148,18/08/2023 , 19:24:10,566,467.3
2149,18/08/2023 , 19:39:10,330,272.4
2150,18/08/2023 , 19:54:10,147,121.4
2151,18/08/2023 , 20:09:10,37,30.5
2152,18/08/2023 , 20:24:10,1,0.8
2153,18/08/2023 , 20:39:10,0,0
2154,18/08/2023 , 20:54:10,0,0
2155,18/08/2023 , 21:09:10,0,0
2156,18/08/2023 , 21:24:10,0,0
2157,18/08/2023 , 21:39:10,0,0
2158,18/08/2023 , 21:54:10,0,0
2159,18/08/2023 , 22:09:10,0,0
2160,18/08/2023 , 22:24:10,0,0
2161,18/08/2023 , 22:39:10,0,0
2162,18/08/2023 , 22:54:10,0,0
2163,18/08/2023 , 23:09:10,0,0
2164,18/08/2023 , 23:24:10,0,0
2165,18/08/2023 , 23:39:10,0,0
2166,18/08/2023 , 23:54:10,0,0
2167,19/08/2023 , 00:09:10,0,0
2168,19/08/2023 , 00:24:10,0,0
2169,19/08/2023 , 00:39:10,0,0
2170,19/08/2023 , 00:54:10,0,0
2171,19/08/2023 , 01:09:10,0,0
2172,19/08/2023 , 01:24:10,0,0
2173,19/08/2023 , 01:39:10,0,0
2174,19/08/2023 , 01:54:10,0,0
2175,19/08/2023 , 02:09:10,0,0
2176,19/08/2023 , 02:24:10,0,0
2177,19/08/2023 , 02:39:10,0,0
2178,19/08/2023 , 02:54:10,0,0
2179,19/08/2023 , 03:09:10,0,0
2180,19/08/2023 , 03:24:10,0,0
2181,19/08/2023 , 03:39:10,0,0
2182,19/08/2023 , 03:54:10,0,0
2183,19/08/2023 , 04:09:10,0,0
2184,19/08/2023 , 04:24:10,0,0
2185,19/08/2023 , 04:39:10,0,0
2186,19/08/2023 , 04:54:10,0,0
2187,19/08/2023 , 05:09:10,0,0
2188,19/08/2023 , 05:24:10,0,0
2189,19/08/2023 , 05:39:10,0,0
2190,19/08/2023 , 05:54:10,0,0
2191,19/08/2023 , 06:09:10,0,0
2192,19/08/2023 , 06:24:10,0,0
2193,19/08/2023 , 06:39:10,1,0.8
2194,19/08/2023 , 06:54:10,52,42.9
2195,19/08/2023 , 07:09:10,167,137.9
2196,19/08/2023 , 07:24:10,346,285.6
2197,19/08/2023 , 07:39:10,595,491.2
2198,19/08/2023 , 07:54:10,892,736.4
2199,19/08/2023 , 08:09:10,1251,1032.8
2200,19/08/2023 , 08:24:10,1513,1249.1
2201,19/08/2023 , 08:39:10,1863,1538
2202,19/08/2023 , 08:54:10,2230,1841
2203,19/08/2023 , 09:09:10,2426,2002.8
2204,19/08/2023 , 09:24:10,2237,1846.8
2205,19/08/2023 , 09:39:10,3083,2545.2
2206,19/08/2023 , 09:54:10,2709,2236.4
2207,19/08/2023 , 10:09:10,4698,3878.5
2208,19/08/2023 , 10:24:10,4954,4089.8
2209,19/08/2023 , 10:39:10,5416,4471.2
2210,19/08/2023 , 10:54:10,5885,4858.4
2211,19/08/2023 , 11:09:10,6327,5223.3
2212,19/08/2023 , 11:24:10,6546,5404.1
2213,19/08/2023 , 11:39:10,7380,6092.6
2214,19/08/2023 , 11:54:10,7751,6398.9
2215,19/08/2023 , 12:09:10,8158,6734.9
2216,19/08/2023 , 12:24:10,8532,7043.7
2217,19/08/2023 , 12:39:10,7979,6587.1
2218,19/08/2023 , 12:54:10,8949,7387.9
2219,19/08/2023 , 13:09:10,9284,7664.5
2220,19/08/2023 , 13:24:10,9479,7825.5
2221,19/08/2023 , 13:39:10,9619,7941
2222,19/08/2023 , 13:54:10,9638,7956.7
2223,19/08/2023 , 14:09:10,9560,7892.3
2224,19/08/2023 , 14:24:10,9407,7766
2225,19/08/2023 , 14:39:10,9167,7567.9
2226,19/08/2023 , 14:54:10,8938,7378.8
2227,19/08/2023 , 15:09:10,8611,7108.9
2228,19/08/2023 , 15:24:10,8277,6833.1
2229,19/08/2023 , 15:39:10,7892,6515.3
2230,19/08/2023 , 15:54:10,7458,6157
2231,19/08/2023 , 16:09:10,6997,5776.4
2232,19/08/2023 , 16:24:10,6458,5331.5
2233,19/08/2023 , 16:39:10,5889,4861.7
2234,19/08/2023 , 16:54:10,5338,4406.8
2235,19/08/2023 , 17:09:10,4796,3959.4
2236,19/08/2023 , 17:24:10,3841,3171
2237,19/08/2023 , 17:39:10,3638,3003.4
2238,19/08/2023 , 17:54:10,3071,2535.3
2239,19/08/2023 , 18:09:10,2544,2100.2
2240,19/08/2023 , 18:24:10,1996,1647.8
2241,19/08/2023 , 18:39:10,1364,1126.1
2242,19/08/2023 , 18:54:10,1190,982.4
2243,19/08/2023 , 19:09:10,855,705.9
2244,19/08/2023 , 19:24:10,558,460.7
2245,19/08/2023 , 19:39:10,315,260.1
2246,19/08/2023 , 19:54:10,118,97.4
2247,19/08/2023 , 20:09:10,29,23.9
2248,19/08/2023 , 20:24:10,0,0
2249,19/08/2023 , 20:39:10,0,0
2250,19/08/2023 , 20:54:10,0,0
2251,19/08/2023 , 21:09:10,0,0
2252,19/08/2023 , 21:24:10,0,0
2253,19/08/2023 , 21:39:10,0,0
2254,19/08/2023 , 21:54:10,0,0
2255,19/08/2023 , 22:09:10,0,0
2256,19/08/2023 , 22:24:10,0,0
2257,19/08/2023 , 22:39:10,0,0
2258,19/08/2023 , 22:54:10,0,0
2259,19/08/2023 , 23:09:10,0,0
2260,19/08/2023 , 23:24:10,0,0
2261,19/08/2023 , 23:39:10,0,0
2262,19/08/2023 , 23:54:10,0,0
2263,20/08/2023 , 00:09:10,0,0
2264,20/08/2023 , 00:24:10,0,0
2265,20/08/2023 , 00:39:10,0,0
2266,20/08/2023 , 00:54:10,0,0
2267,20/08/2023 , 01:09:10,0,0
2268,20/08/2023 , 01:24:10,0,0
2269,20/08/2023 , 01:39:10,0,0
2270,20/08/2023 , 01:54:10,0,0
2271,20/08/2023 , 02:09:10,0,0
2272,20/08/2023 , 02:24:10,0,0
2273,20/08/2023 , 02:39:10,0,0
2274,20/08/2023 , 02:54:10,0,0
2275,20/08/2023 , 03:09:10,0,0
2276,20/08/2023 , 03:24:10,0,0
2277,20/08/2023 , 03:39:10,0,0
2278,20/08/2023 , 03:54:10,0,0
2279,20/08/2023 , 04:09:10,0,0
2280,20/08/2023 , 04:24:10,0,0
2281,20/08/2023 , 04:39:10,0,0
2282,20/08/2023 , 04:54:10,0,0
2283,20/08/2023 , 05:09:10,0,0
2284,20/08/2023 , 05:24:10,0,0
2285,20/08/2023 , 05:39:10,0,0
2286,20/08/2023 , 05:54:10,0,0
2287,20/08/2023 , 06:09:10,0,0
2288,20/08/2023 , 06:24:10,0,0
2289,20/08/2023 , 06:39:10,3,2.5
2290,20/08/2023 , 06:54:10,53,43.8
2291,20/08/2023 , 07:09:10,202,166.8
2292,20/08/2023 , 07:24:10,424,350
2293,20/08/2023 , 07:39:10,621,512.7
2294,20/08/2023 , 07:54:10,749,618.3
2295,20/08/2023 , 08:09:10,1095,904
2296,20/08/2023 , 08:24:10,1927,1590.8
2297,20/08/2023 , 08:39:10,2310,1907
2298,20/08/2023 , 08:54:10,2521,2081.2
2299,20/08/2023 , 09:09:10,2948,2433.7
2300,20/08/2023 , 09:24:10,3411,2816
2301,20/08/2023 , 09:39:10,3817,3151.2
2302,20/08/2023 , 09:54:10,4240,3500.4
2303,20/08/2023 , 10:09:10,4545,3752.2
2304,20/08/2023 , 10:24:10,5240,4325.9
2305,20/08/2023 , 10:39:10,5647,4661.9
2306,20/08/2023 , 10:54:10,6022,4971.5
2307,20/08/2023 , 11:09:10,6426,5305
2308,20/08/2023 , 11:24:10,6841,5647.6
2309,20/08/2023 , 11:39:10,7225,5964.7
2310,20/08/2023 , 11:54:10,7590,6266
2311,20/08/2023 , 12:09:10,7961,6572.3
2312,20/08/2023 , 12:24:10,8176,6749.8
2313,20/08/2023 , 12:39:10,8420,6951.2
2314,20/08/2023 , 12:54:10,8788,7255
2315,20/08/2023 , 13:09:10,8859,7313.6
2316,20/08/2023 , 13:24:10,9028,7453.1
2317,20/08/2023 , 13:39:10,9076,7492.8
2318,20/08/2023 , 13:54:10,9080,7496.1
2319,20/08/2023 , 14:09:10,8972,7406.9
2320,20/08/2023 , 14:24:10,8877,7328.5
2321,20/08/2023 , 14:39:10,8674,7160.9
2322,20/08/2023 , 14:54:10,8412,6944.6
2323,20/08/2023 , 15:09:10,8134,6715.1
2324,20/08/2023 , 15:24:10,7843,6474.8
2325,20/08/2023 , 15:39:10,7328,6049.7
2326,20/08/2023 , 15:54:10,6892,5689.7
2327,20/08/2023 , 16:09:10,6421,5300.9
2328,20/08/2023 , 16:24:10,5923,4889.8
2329,20/08/2023 , 16:39:10,5401,4458.8
2330,20/08/2023 , 16:54:10,4882,4030.4
2331,20/08/2023 , 17:09:10,4350,3591.2
2332,20/08/2023 , 17:24:10,3701,3055.4
2333,20/08/2023 , 17:39:10,3322,2742.5
2334,20/08/2023 , 17:54:10,2930,2418.9
2335,20/08/2023 , 18:09:10,2466,2035.8
2336,20/08/2023 , 18:24:10,1996,1647.8
2337,20/08/2023 , 18:39:10,1613,1331.6
2338,20/08/2023 , 18:54:10,1208,997.3
2339,20/08/2023 , 19:09:10,918,757.9
2340,20/08/2023 , 19:24:10,625,516
2341,20/08/2023 , 19:39:10,378,312.1
2342,20/08/2023 , 19:54:10,170,140.3
2343,20/08/2023 , 20:09:10,27,22.3
2344,20/08/2023 , 20:24:10,1,0.8
2345,20/08/2023 , 20:39:10,0,0
2346,20/08/2023 , 20:54:10,0,0
2347,20/08/2023 , 21:09:10,0,0
2348,20/08/2023 , 21:24:10,0,0
2349,20/08/2023 , 21:39:10,0,0
2350,20/08/2023 , 21:54:10,0,0
2351,20/08/2023 , 22:09:10,0,0
2352,20/08/2023 , 22:24:10,0,0
2353,20/08/2023 , 22:39:10,0,0
2354,20/08/2023 , 22:54:10,0,0
2355,20/08/2023 , 23:09:10,0,0
2356,20/08/2023 , 23:24:10,0,0
2357,20/08/2023 , 23:39:10,0,0
2358,20/08/2023 , 23:54:10,0,0
2359,21/08/2023 , 00:09:10,0,0
2360,21/08/2023 , 00:24:10,0,0
2361,21/08/2023 , 00:39:10,0,0
2362,21/08/2023 , 00:54:10,0,0
2363,21/08/2023 , 01:09:10,0,0
2364,21/08/2023 , 01:24:10,0,0
2365,21/08/2023 , 01:39:10,0,0
2366,21/08/2023 , 01:54:10,0,0
2367,21/08/2023 , 02:09:10,0,0
2368,21/08/2023 , 02:24:10,0,0
2369,21/08/2023 , 02:39:10,0,0
2370,21/08/2023 , 02:54:10,0,0
2371,21/08/2023 , 03:09:10,0,0
2372,21/08/2023 , 03:24:10,0,0
2373,21/08/2023 , 03:39:10,0,0
2374,21/08/2023 , 03:54:10,0,0
2375,21/08/2023 , 04:09:10,0,0
2376,21/08/2023 , 04:24:10,0,0
2377,21/08/2023 , 04:39:10,0,0
2378,21/08/2023 , 04:54:10,0,0
2379,21/08/2023 , 05:09:10,0,0
2380,21/08/2023 , 05:24:10,0,0
2381,21/08/2023 , 05:39:10,0,0
2382,21/08/2023 , 05:54:10,0,0
2383,21/08/2023 , 06:09:10,0,0
2384,21/08/2023 , 06:24:10,0,0
2385,21/08/2023 , 06:39:10,0,0
2386,21/08/2023 , 06:54:10,20,16.5
2387,21/08/2023 , 07:09:10,92,76
2388,21/08/2023 , 07:24:10,210,173.4
2389,21/08/2023 , 07:39:10,358,295.5
2390,21/08/2023 , 07:54:10,627,517.6
2391,21/08/2023 , 08:09:10,926,764.5
2392,21/08/2023 , 08:24:10,1431,1181.4
2393,21/08/2023 , 08:39:10,1690,1395.2
2394,21/08/2023 , 08:54:10,1678,1385.3
2395,21/08/2023 , 09:09:10,2174,1794.8
2396,21/08/2023 , 09:24:10,2349,1939.2
2397,21/08/2023 , 09:39:10,3273,2702.1
2398,21/08/2023 , 09:54:10,4635,3826.5
2399,21/08/2023 , 10:09:10,4806,3967.6
2400,21/08/2023 , 10:24:10,5166,4264.8
2401,21/08/2023 , 10:39:10,5197,4290.4
2402,21/08/2023 , 10:54:10,5268,4349
2403,21/08/2023 , 11:09:10,5511,4549.6
2404,21/08/2023 , 11:24:10,6529,5390.1
2405,21/08/2023 , 11:39:10,6890,5688.1
2406,21/08/2023 , 11:54:10,7458,6157
2407,21/08/2023 , 12:09:10,7223,5963
2408,21/08/2023 , 12:24:10,6749,5571.7
2409,21/08/2023 , 12:39:10,7098,5859.8
2410,21/08/2023 , 12:54:10,8541,7051.1
2411,21/08/2023 , 13:09:10,7095,5857.3
2412,21/08/2023 , 13:24:10,7885,6509.5
2413,21/08/2023 , 13:39:10,8149,6727.5
2414,21/08/2023 , 13:54:10,8484,7004
2415,21/08/2023 , 14:09:10,8122,6705.2
2416,21/08/2023 , 14:24:10,7546,6229.7
2417,21/08/2023 , 14:39:10,7873,6499.6
2418,21/08/2023 , 14:54:10,8126,6708.5
2419,21/08/2023 , 15:09:10,8132,6713.4
2420,21/08/2023 , 15:24:10,4189,3458.3
2421,21/08/2023 , 15:39:10,1155,953.5
2422,21/08/2023 , 15:54:10,1730,1428.2
2423,21/08/2023 , 16:09:10,1856,1532.2
2424,21/08/2023 , 16:24:10,1726,1424.9
2425,21/08/2023 , 16:39:10,1789,1476.9
2426,21/08/2023 , 16:54:10,1906,1573.5
2427,21/08/2023 , 17:09:10,2026,1672.6
2428,21/08/2023 , 17:24:10,1715,1415.8
2429,21/08/2023 , 17:39:10,1324,1093
2430,21/08/2023 , 17:54:10,1547,1277.1
2431,21/08/2023 , 18:09:10,1128,931.2
2432,21/08/2023 , 18:24:10,915,755.4
2433,21/08/2023 , 18:39:10,731,603.5
2434,21/08/2023 , 18:54:10,571,471.4
2435,21/08/2023 , 19:09:10,392,323.6
2436,21/08/2023 , 19:24:10,313,258.4
2437,21/08/2023 , 19:39:10,211,174.2
2438,21/08/2023 , 19:54:10,96,79.3
2439,21/08/2023 , 20:09:10,20,16.5
2440,21/08/2023 , 20:24:10,0,0
2441,21/08/2023 , 20:39:10,0,0
2442,21/08/2023 , 20:54:10,0,0
2443,21/08/2023 , 21:09:10,0,0
2444,21/08/2023 , 21:24:10,0,0
2445,21/08/2023 , 21:39:10,0,0
2446,21/08/2023 , 21:54:10,0,0
2447,21/08/2023 , 22:09:10,0,0
2448,21/08/2023 , 22:24:10,0,0
2449,21/08/2023 , 22:39:10,0,0
2450,21/08/2023 , 22:54:10,0,0
2451,21/08/2023 , 23:09:10,0,0
2452,21/08/2023 , 23:24:10,0,0
2453,21/08/2023 , 23:39:10,0,0
2454,21/08/2023 , 23:54:10,0,0
2455,22/08/2023 , 00:09:10,0,0
2456,22/08/2023 , 00:24:10,0,0
2457,22/08/2023 , 00:39:10,0,0
2458,22/08/2023 , 00:54:10,0,0
2459,22/08/2023 , 01:09:10,0,0
2460,22/08/2023 , 01:24:10,0,0
2461,22/08/2023 , 01:39:10,0,0
2462,22/08/2023 , 01:54:10,0,0
2463,22/08/2023 , 02:09:10,0,0
2464,22/08/2023 , 02:24:10,0,0
2465,22/08/2023 , 02:39:10,0,0
2466,22/08/2023 , 02:54:10,0,0
2467,22/08/2023 , 03:09:10,0,0
2468,22/08/2023 , 03:24:10,0,0
2469,22/08/2023 , 03:39:10,0,0
2470,22/08/2023 , 03:54:10,0,0
2471,22/08/2023 , 04:09:10,0,0
2472,22/08/2023 , 04:24:10,0,0
2473,22/08/2023 , 04:39:10,0,0
2474,22/08/2023 , 04:54:10,0,0
2475,22/08/2023 , 05:09:10,0,0
2476,22/08/2023 , 05:24:10,0,0
2477,22/08/2023 , 05:39:10,0,0
2478,22/08/2023 , 05:54:10,0,0
2479,22/08/2023 , 06:09:10,0,0
2480,22/08/2023 , 06:24:10,0,0
2481,22/08/2023 , 06:39:10,2,1.7
2482,22/08/2023 , 06:54:10,42,34.7
2483,22/08/2023 , 07:09:10,174,143.6
2484,22/08/2023 , 07:24:10,498,411.1
2485,22/08/2023 , 07:39:10,679,560.6
2486,22/08/2023 , 07:54:10,922,761.2
2487,22/08/2023 , 08:09:10,1239,1022.9
2488,22/08/2023 , 08:24:10,1617,1334.9
2489,22/08/2023 , 08:39:10,2046,1689.1
2490,22/08/2023 , 08:54:10,2506,2068.8
2491,22/08/2023 , 09:09:10,2994,2471.7
2492,22/08/2023 , 09:24:10,3573,2949.7
2493,22/08/2023 , 09:39:10,4101,3385.6
2494,22/08/2023 , 09:54:10,4268,3523.5
2495,22/08/2023 , 10:09:10,3007,2482.5
2496,22/08/2023 , 10:24:10,5936,4900.5
2497,22/08/2023 , 10:39:10,3691,3047.1
2498,22/08/2023 , 10:54:10,5706,4710.6
2499,22/08/2023 , 11:09:10,7092,5854.9
2500,22/08/2023 , 11:24:10,6843,5649.3
2501,22/08/2023 , 11:39:10,3695,3050.4
2502,22/08/2023 , 11:54:10,3998,3300.6
2503,22/08/2023 , 12:09:10,8553,7061
2504,22/08/2023 , 12:24:10,9109,7520
2505,22/08/2023 , 12:39:10,6675,5510.6
2506,22/08/2023 , 12:54:10,9486,7831.2
2507,22/08/2023 , 13:09:10,9865,8144.1
2508,22/08/2023 , 13:24:10,10127,8360.4
2509,22/08/2023 , 13:39:10,9925,8193.7
2510,22/08/2023 , 13:54:10,9158,7560.5
2511,22/08/2023 , 14:09:10,7175,5923.4
2512,22/08/2023 , 14:24:10,9244,7631.5
2513,22/08/2023 , 14:39:10,8378,6916.5
2514,22/08/2023 , 14:54:10,8846,7302.9
2515,22/08/2023 , 15:09:10,8510,7025.5
2516,22/08/2023 , 15:24:10,8424,6954.5
2517,22/08/2023 , 15:39:10,6538,5397.5
2518,22/08/2023 , 15:54:10,7240,5977
2519,22/08/2023 , 16:09:10,6669,5505.6
2520,22/08/2023 , 16:24:10,6198,5116.8
2521,22/08/2023 , 16:39:10,5665,4676.8
2522,22/08/2023 , 16:54:10,5164,4263.2
2523,22/08/2023 , 17:09:10,4660,3847.1
2524,22/08/2023 , 17:24:10,4142,3419.5
2525,22/08/2023 , 17:39:10,3595,2967.9
2526,22/08/2023 , 17:54:10,3086,2547.7
2527,22/08/2023 , 18:09:10,2573,2124.2
2528,22/08/2023 , 18:24:10,2100,1733.7
2529,22/08/2023 , 18:39:10,1644,1357.2
2530,22/08/2023 , 18:54:10,1220,1007.2
2531,22/08/2023 , 19:09:10,844,696.8
2532,22/08/2023 , 19:24:10,533,440
2533,22/08/2023 , 19:39:10,291,240.2
2534,22/08/2023 , 19:54:10,119,98.2
2535,22/08/2023 , 20:09:10,23,19
2536,22/08/2023 , 20:24:10,0,0
2537,22/08/2023 , 20:39:10,0,0
2538,22/08/2023 , 20:54:10,0,0
2539,22/08/2023 , 21:09:10,0,0
2540,22/08/2023 , 21:24:10,0,0
2541,22/08/2023 , 21:39:10,0,0
2542,22/08/2023 , 21:54:10,0,0
2543,22/08/2023 , 22:09:10,0,0
2544,22/08/2023 , 22:24:10,0,0
2545,22/08/2023 , 22:39:10,0,0
2546,22/08/2023 , 22:54:10,0,0
2547,22/08/2023 , 23:09:10,0,0
2548,22/08/2023 , 23:24:10,0,0
2549,22/08/2023 , 23:39:10,0,0
2550,22/08/2023 , 23:54:10,0,0
2551,23/08/2023 , 00:09:10,0,0
2552,23/08/2023 , 00:24:10,0,0
2553,23/08/2023 , 00:39:10,0,0
2554,23/08/2023 , 00:54:10,0,0
2555,23/08/2023 , 01:09:10,0,0
2556,23/08/2023 , 01:24:10,0,0
2557,23/08/2023 , 01:39:10,0,0
2558,23/08/2023 , 01:54:10,0,0
2559,23/08/2023 , 02:09:10,0,0
2560,23/08/2023 , 02:24:10,0,0
2561,23/08/2023 , 02:39:10,0,0
2562,23/08/2023 , 02:54:10,0,0
2563,23/08/2023 , 03:09:10,0,0
2564,23/08/2023 , 03:24:10,0,0
2565,23/08/2023 , 03:39:10,0,0
2566,23/08/2023 , 03:54:10,0,0
2567,23/08/2023 , 04:09:10,0,0
2568,23/08/2023 , 04:24:10,0,0
2569,23/08/2023 , 04:39:10,0,0
2570,23/08/2023 , 04:54:10,0,0
2571,23/08/2023 , 05:09:10,0,0
2572,23/08/2023 , 05:24:10,0,0
2573,23/08/2023 , 05:39:10,0,0
2574,23/08/2023 , 05:54:10,0,0
2575,23/08/2023 , 06:09:10,0,0
2576,23/08/2023 , 06:24:10,0,0
2577,23/08/2023 , 06:39:10,2,1.7
2578,23/08/2023 , 06:54:10,45,37.2
2579,23/08/2023 , 07:09:10,183,151.1
2580,23/08/2023 , 07:24:10,307,253.4
2581,23/08/2023 , 07:39:10,363,299.7
2582,23/08/2023 , 07:54:10,584,482.1
2583,23/08/2023 , 08:09:10,1158,956
2584,23/08/2023 , 08:24:10,1279,1055.9
2585,23/08/2023 , 08:39:10,1617,1334.9
2586,23/08/2023 , 08:54:10,2475,2043.3
2587,23/08/2023 , 09:09:10,2949,2434.6
2588,23/08/2023 , 09:24:10,3413,2817.6
2589,23/08/2023 , 09:39:10,3947,3258.5
2590,23/08/2023 , 09:54:10,4453,3676.2
2591,23/08/2023 , 10:09:10,4951,4087.3
2592,23/08/2023 , 10:24:10,5450,4499.3
2593,23/08/2023 , 10:39:10,5948,4910.4
2594,23/08/2023 , 10:54:10,6389,5274.5
2595,23/08/2023 , 11:09:10,6850,5655.1
2596,23/08/2023 , 11:24:10,7251,5986.1
2597,23/08/2023 , 11:39:10,7678,6338.6
2598,23/08/2023 , 11:54:10,6118,5050.8
2599,23/08/2023 , 12:09:10,2845,2348.7
2600,23/08/2023 , 12:24:10,275,227
2601,23/08/2023 , 12:39:10,338,279
2602,23/08/2023 , 12:54:10,320,264.2
2603,23/08/2023 , 13:09:10,427,352.5
2604,23/08/2023 , 13:24:10,8,6.6
2605,23/08/2023 , 13:39:10,2,1.7
2606,23/08/2023 , 13:54:10,2,1.7
2607,23/08/2023 , 14:09:10,3,2.5
2608,23/08/2023 , 14:24:10,45,37.2
2609,23/08/2023 , 14:39:10,53,43.8
2610,23/08/2023 , 14:54:10,53,43.8
2611,23/08/2023 , 15:09:10,55,45.4
2612,23/08/2023 , 15:24:10,4292,3543.3
2613,23/08/2023 , 15:39:10,4606,3802.5
2614,23/08/2023 , 15:54:10,4145,3421.9
2615,23/08/2023 , 16:09:10,5600,4623.1
2616,23/08/2023 , 16:24:10,1171,966.7
2617,23/08/2023 , 16:39:10,32,26.4
2618,23/08/2023 , 16:54:10,35,28.9
2619,23/08/2023 , 17:09:10,31,25.6
2620,23/08/2023 , 17:24:10,6,5
2621,23/08/2023 , 17:39:10,0,0
2622,23/08/2023 , 17:54:10,0,0
2623,23/08/2023 , 18:09:10,0,0
2624,23/08/2023 , 18:24:10,0,0
2625,23/08/2023 , 18:39:10,0,0
2626,23/08/2023 , 18:54:10,0,0
2627,23/08/2023 , 19:09:10,0,0
2628,23/08/2023 , 19:24:10,0,0
2629,23/08/2023 , 19:39:10,0,0
2630,23/08/2023 , 19:54:10,0,0
2631,23/08/2023 , 20:09:10,0,0
2632,23/08/2023 , 20:24:10,0,0
2633,23/08/2023 , 20:39:10,0,0
2634,23/08/2023 , 20:54:10,0,0
2635,23/08/2023 , 21:09:10,0,0
2636,23/08/2023 , 21:24:10,0,0
2637,23/08/2023 , 21:39:10,0,0
2638,23/08/2023 , 21:54:10,0,0
2639,23/08/2023 , 22:09:10,0,0
2640,23/08/2023 , 22:24:10,0,0
2641,23/08/2023 , 22:39:10,0,0
2642,23/08/2023 , 22:54:10,0,0
2643,23/08/2023 , 23:09:10,0,0
2644,23/08/2023 , 23:24:10,0,0
2645,23/08/2023 , 23:39:10,0,0
2646,23/08/2023 , 23:54:10,0,0
2647,24/08/2023 , 00:09:10,0,0
2648,24/08/2023 , 00:24:10,0,0
2649,24/08/2023 , 00:39:10,0,0
2650,24/08/2023 , 00:54:10,0,0
2651,24/08/2023 , 01:09:10,0,0
2652,24/08/2023 , 01:24:10,0,0
2653,24/08/2023 , 01:39:10,0,0
2654,24/08/2023 , 01:54:10,0,0
2655,24/08/2023 , 02:09:10,0,0
2656,24/08/2023 , 02:24:10,0,0
2657,24/08/2023 , 02:39:10,0,0
2658,24/08/2023 , 02:54:10,0,0
2659,24/08/2023 , 03:09:10,0,0
2660,24/08/2023 , 03:24:10,0,0
2661,24/08/2023 , 03:39:10,0,0
2662,24/08/2023 , 03:54:10,0,0
2663,24/08/2023 , 04:09:10,0,0
2664,24/08/2023 , 04:24:10,0,0
2665,24/08/2023 , 04:39:10,0,0
2666,24/08/2023 , 04:54:10,0,0
2667,24/08/2023 , 05:09:10,0,0
2668,24/08/2023 , 05:24:10,0,0
2669,24/08/2023 , 05:39:10,0,0
2670,24/08/2023 , 05:54:10,0,0
2671,24/08/2023 , 06:09:10,0,0
2672,24/08/2023 , 06:24:10,0,0
2673,24/08/2023 , 06:39:10,0,0
2674,24/08/2023 , 06:54:10,0,0
2675,24/08/2023 , 07:09:10,0,0
2676,24/08/2023 , 07:24:10,0,0
2677,24/08/2023 , 07:39:10,0,0
2678,24/08/2023 , 07:54:10,0,0
2679,24/08/2023 , 08:09:10,0,0
2680,24/08/2023 , 08:24:10,0,0
2681,24/08/2023 , 08:39:10,9,7.4
2682,24/08/2023 , 08:54:10,2,1.7
2683,24/08/2023 , 09:09:10,0,0
2684,24/08/2023 , 09:24:10,0,0
2685,24/08/2023 , 09:39:10,0,0
2686,24/08/2023 , 09:54:10,0,0
2687,24/08/2023 , 10:09:10,0,0
2688,24/08/2023 , 10:24:10,0,0
2689,24/08/2023 , 10:39:10,0,0
2690,24/08/2023 , 10:54:10,0,0
2691,24/08/2023 , 11:09:10,0,0
2692,24/08/2023 , 11:24:10,0,0
2693,24/08/2023 , 11:39:10,0,0
2694,24/08/2023 , 11:54:10,0,0
2695,24/08/2023 , 12:09:10,0,0
2696,24/08/2023 , 12:24:10,0,0
2697,24/08/2023 , 12:39:10,0,0
2698,24/08/2023 , 12:54:10,2,1.7
2699,24/08/2023 , 13:09:10,2,1.7
2700,24/08/2023 , 13:24:10,3,2.5
2701,24/08/2023 , 13:39:10,2,1.7
2702,24/08/2023 , 13:54:10,4,3.3
2703,24/08/2023 , 14:09:10,5,4.1
2704,24/08/2023 , 14:24:10,3,2.5
2705,24/08/2023 , 14:39:10,34,28.1
2706,24/08/2023 , 14:54:10,32,26.4
2707,24/08/2023 , 15:09:10,2692,2222.4
