Site Name ,ODYLIGHT003
Site Number ,1
Logger ,Integrating Light Sensor
Logger Serial Number ,15888


Scan No ,Date and Time,       Integrating Light,        ,
        ,        ,RAW VALUE ,CALIBRATED VALUE,

1,01/08/2023 , 16:15:00,49,38.8
2,01/08/2023 , 16:30:00,23,18.2
3,01/08/2023 , 16:45:00,37,29.3
4,01/08/2023 , 17:00:00,28,22.2
5,01/08/2023 , 17:15:00,12,9.5
6,01/08/2023 , 17:30:00,8,6.3
7,01/08/2023 , 17:45:00,9,7.1
8,01/08/2023 , 18:00:00,10,7.9
9,01/08/2023 , 18:15:00,22,17.4
10,01/08/2023 , 18:30:00,66,52.3
11,01/08/2023 , 18:45:00,56,44.3
12,01/08/2023 , 19:00:00,35,27.7
13,01/08/2023 , 19:15:00,22,17.4
14,01/08/2023 , 19:30:00,23,18.2
15,01/08/2023 , 19:45:00,16,12.7
16,01/08/2023 , 20:00:00,6,4.8
17,01/08/2023 , 20:15:00,1,0.8
18,01/08/2023 , 20:30:00,0,0
19,01/08/2023 , 20:45:00,0,0
20,01/08/2023 , 21:00:00,0,0
21,01/08/2023 , 21:15:00,0,0
22,01/08/2023 , 21:30:00,0,0
23,01/08/2023 , 21:45:00,0,0
24,01/08/2023 , 22:00:00,0,0
25,01/08/2023 , 22:15:00,0,0
26,01/08/2023 , 22:30:00,0,0
27,01/08/2023 , 22:45:00,0,0
28,01/08/2023 , 23:00:00,0,0
29,01/08/2023 , 23:15:00,0,0
30,01/08/2023 , 23:30:00,0,0
31,01/08/2023 , 23:45:00,0,0
32,01/08/2023 , 24:00:00,0,0
33,02/08/2023 , 00:15:00,0,0
34,02/08/2023 , 00:30:00,0,0
35,02/08/2023 , 00:45:00,0,0
36,02/08/2023 , 01:00:00,0,0
37,02/08/2023 , 01:15:00,0,0
38,02/08/2023 , 01:30:00,0,0
39,02/08/2023 , 01:45:00,0,0
40,02/08/2023 , 02:00:00,0,0
41,02/08/2023 , 02:15:00,0,0
42,02/08/2023 , 02:30:00,0,0
43,02/08/2023 , 02:45:00,0,0
44,02/08/2023 , 03:00:00,0,0
45,02/08/2023 , 03:15:00,0,0
46,02/08/2023 , 03:30:00,0,0
47,02/08/2023 , 03:45:00,0,0
48,02/08/2023 , 04:00:00,0,0
49,02/08/2023 , 04:15:00,0,0
50,02/08/2023 , 04:30:00,0,0
51,02/08/2023 , 04:45:00,0,0
52,02/08/2023 , 05:00:00,0,0
53,02/08/2023 , 05:15:00,0,0
54,02/08/2023 , 05:30:00,0,0
55,02/08/2023 , 05:45:00,0,0
56,02/08/2023 , 06:00:00,0,0
57,02/08/2023 , 06:15:00,0,0
58,02/08/2023 , 06:30:00,0,0
59,02/08/2023 , 06:45:00,0,0
60,02/08/2023 , 07:00:00,4,3.2
61,02/08/2023 , 07:15:00,13,10.3
62,02/08/2023 , 07:30:00,8,6.3
63,02/08/2023 , 07:45:00,2,1.6
64,02/08/2023 , 08:00:00,6,4.8
65,02/08/2023 , 08:15:00,7,5.5
66,02/08/2023 , 08:30:00,9,7.1
67,02/08/2023 , 08:45:00,20,15.8
68,02/08/2023 , 09:00:00,43,34
69,02/08/2023 , 09:15:00,54,42.8
70,02/08/2023 , 09:30:00,2797,2214.7
71,02/08/2023 , 09:45:00,756,598.6
72,02/08/2023 , 10:00:00,0,0
73,02/08/2023 , 10:15:00,0,0
74,02/08/2023 , 10:30:00,0,0
75,02/08/2023 , 10:45:00,16,12.7
76,02/08/2023 , 11:00:00,0,0
77,02/08/2023 , 11:15:00,604,478.3
78,02/08/2023 , 11:30:00,266,210.6
79,02/08/2023 , 11:45:00,2312,1830.7
80,02/08/2023 , 12:00:00,6904,5466.8
81,02/08/2023 , 12:15:00,7404,5862.7
82,02/08/2023 , 12:30:00,12121,9597.8
83,02/08/2023 , 12:45:00,7202,5702.8
84,02/08/2023 , 13:00:00,6759,5352
85,02/08/2023 , 13:15:00,5109,4045.5
86,02/08/2023 , 13:30:00,3536,2799.9
87,02/08/2023 , 13:45:00,3879,3071.5
88,02/08/2023 , 14:00:00,7214,5712.3
89,02/08/2023 , 14:15:00,9873,7817.7
90,02/08/2023 , 14:30:00,13098,10371.4
91,02/08/2023 , 14:45:00,3396,2689.1
92,02/08/2023 , 15:00:00,3356,2657.4
93,02/08/2023 , 15:15:00,1767,1399.2
94,02/08/2023 , 15:30:00,1525,1207.5
95,02/08/2023 , 15:45:00,535,423.6
96,02/08/2023 , 16:00:00,1823,1443.5
97,02/08/2023 , 16:15:00,3180,2518
98,02/08/2023 , 16:30:00,3050,2415.1
99,02/08/2023 , 16:45:00,2421,1917
100,02/08/2023 , 17:00:00,1700,1346.1
101,02/08/2023 , 17:15:00,1243,984.2
102,02/08/2023 , 17:30:00,1446,1145
103,02/08/2023 , 17:45:00,1519,1202.8
104,02/08/2023 , 18:00:00,1016,804.5
105,02/08/2023 , 18:15:00,753,596.2
106,02/08/2023 , 18:30:00,746,590.7
107,02/08/2023 , 18:45:00,752,595.5
108,02/08/2023 , 19:00:00,673,532.9
109,02/08/2023 , 19:15:00,519,411
110,02/08/2023 , 19:30:00,399,315.9
111,02/08/2023 , 19:45:00,377,298.5
112,02/08/2023 , 20:00:00,337,266.8
113,02/08/2023 , 20:15:00,128,101.4
114,02/08/2023 , 20:30:00,24,19
115,02/08/2023 , 20:45:00,1,0.8
116,02/08/2023 , 21:00:00,0,0
117,02/08/2023 , 21:15:00,0,0
118,02/08/2023 , 21:30:00,0,0
119,02/08/2023 , 21:45:00,0,0
120,02/08/2023 , 22:00:00,0,0
121,02/08/2023 , 22:15:00,0,0
122,02/08/2023 , 22:30:00,0,0
123,02/08/2023 , 22:45:00,0,0
124,02/08/2023 , 23:00:00,0,0
125,02/08/2023 , 23:15:00,0,0
126,02/08/2023 , 23:30:00,0,0
127,02/08/2023 , 23:45:00,0,0
128,02/08/2023 , 24:00:00,0,0
129,03/08/2023 , 00:15:00,0,0
130,03/08/2023 , 00:30:00,0,0
131,03/08/2023 , 00:45:00,0,0
132,03/08/2023 , 01:00:00,0,0
133,03/08/2023 , 01:15:00,0,0
134,03/08/2023 , 01:30:00,0,0
135,03/08/2023 , 01:45:00,0,0
136,03/08/2023 , 02:00:00,0,0
137,03/08/2023 , 02:15:00,0,0
138,03/08/2023 , 02:30:00,0,0
139,03/08/2023 , 02:45:00,0,0
140,03/08/2023 , 03:00:00,0,0
141,03/08/2023 , 03:15:00,0,0
142,03/08/2023 , 03:30:00,0,0
143,03/08/2023 , 03:45:00,0,0
144,03/08/2023 , 04:00:00,0,0
145,03/08/2023 , 04:15:00,0,0
146,03/08/2023 , 04:30:00,0,0
147,03/08/2023 , 04:45:00,0,0
148,03/08/2023 , 05:00:00,0,0
149,03/08/2023 , 05:15:00,0,0
150,03/08/2023 , 05:30:00,0,0
151,03/08/2023 , 05:45:00,0,0
152,03/08/2023 , 06:00:00,0,0
153,03/08/2023 , 06:15:00,0,0
154,03/08/2023 , 06:30:00,11,8.7
155,03/08/2023 , 06:45:00,84,66.5
156,03/08/2023 , 07:00:00,233,184.5
157,03/08/2023 , 07:15:00,368,291.4
158,03/08/2023 , 07:30:00,573,453.7
159,03/08/2023 , 07:45:00,1667,1320
160,03/08/2023 , 08:00:00,2518,1993.8
161,03/08/2023 , 08:15:00,3643,2884.6
162,03/08/2023 , 08:30:00,2614,2069.8
163,03/08/2023 , 08:45:00,3886,3077
164,03/08/2023 , 09:00:00,5430,4299.6
165,03/08/2023 , 09:15:00,5548,4393.1
166,03/08/2023 , 09:30:00,5592,4427.9
167,03/08/2023 , 09:45:00,8884,7034.6
168,03/08/2023 , 10:00:00,9423,7461.4
169,03/08/2023 , 10:15:00,11544,9140.9
170,03/08/2023 , 10:30:00,6132,4855.5
171,03/08/2023 , 10:45:00,13035,10321.5
172,03/08/2023 , 11:00:00,13136,10401.5
173,03/08/2023 , 11:15:00,13868,10981.1
174,03/08/2023 , 11:30:00,14348,11361.2
175,03/08/2023 , 11:45:00,14984,11864.8
176,03/08/2023 , 12:00:00,15596,12349.4
177,03/08/2023 , 12:15:00,16254,12870.4
178,03/08/2023 , 12:30:00,16855,13346.3
179,03/08/2023 , 12:45:00,17754,14058.1
180,03/08/2023 , 13:00:00,19537,15470
181,03/08/2023 , 13:15:00,18280,14474.6
182,03/08/2023 , 13:30:00,16380,12970.2
183,03/08/2023 , 13:45:00,17855,14138.1
184,03/08/2023 , 14:00:00,18583,14714.6
185,03/08/2023 , 14:15:00,18930,14989.3
186,03/08/2023 , 14:30:00,18167,14385.2
187,03/08/2023 , 14:45:00,14732,11665.2
188,03/08/2023 , 15:00:00,12526,9918.4
189,03/08/2023 , 15:15:00,15179,12019.2
190,03/08/2023 , 15:30:00,15107,11962.2
191,03/08/2023 , 15:45:00,15385,12182.3
192,03/08/2023 , 16:00:00,12365,9791
193,03/08/2023 , 16:15:00,11582,9171
194,03/08/2023 , 16:30:00,8489,6721.8
195,03/08/2023 , 16:45:00,11062,8759.2
196,03/08/2023 , 17:00:00,11507,9111.6
197,03/08/2023 , 17:15:00,10607,8398.9
198,03/08/2023 , 17:30:00,9135,7233.4
199,03/08/2023 , 17:45:00,7949,6294.2
200,03/08/2023 , 18:00:00,7152,5663.2
201,03/08/2023 , 18:15:00,6460,5115.2
202,03/08/2023 , 18:30:00,5092,4032
203,03/08/2023 , 18:45:00,4221,3342.3
204,03/08/2023 , 19:00:00,3327,2634.4
205,03/08/2023 , 19:15:00,2124,1681.8
206,03/08/2023 , 19:30:00,1506,1192.5
207,03/08/2023 , 19:45:00,946,749.1
208,03/08/2023 , 20:00:00,436,345.2
209,03/08/2023 , 20:15:00,160,126.7
210,03/08/2023 , 20:30:00,28,22.2
211,03/08/2023 , 20:45:00,0,0
212,03/08/2023 , 21:00:00,0,0
213,03/08/2023 , 21:15:00,0,0
214,03/08/2023 , 21:30:00,0,0
215,03/08/2023 , 21:45:00,0,0
216,03/08/2023 , 22:00:00,0,0
217,03/08/2023 , 22:15:00,0,0
218,03/08/2023 , 22:30:00,0,0
219,03/08/2023 , 22:45:00,0,0
220,03/08/2023 , 23:00:00,0,0
221,03/08/2023 , 23:15:00,0,0
222,03/08/2023 , 23:30:00,0,0
223,03/08/2023 , 23:45:00,0,0
224,03/08/2023 , 24:00:00,0,0
225,04/08/2023 , 00:15:00,0,0
226,04/08/2023 , 00:30:00,0,0
227,04/08/2023 , 00:45:00,0,0
228,04/08/2023 , 01:00:00,0,0
229,04/08/2023 , 01:15:00,0,0
230,04/08/2023 , 01:30:00,0,0
231,04/08/2023 , 01:45:00,0,0
232,04/08/2023 , 02:00:00,0,0
233,04/08/2023 , 02:15:00,0,0
234,04/08/2023 , 02:30:00,0,0
235,04/08/2023 , 02:45:00,0,0
236,04/08/2023 , 03:00:00,0,0
237,04/08/2023 , 03:15:00,0,0
238,04/08/2023 , 03:30:00,0,0
239,04/08/2023 , 03:45:00,0,0
240,04/08/2023 , 04:00:00,0,0
241,04/08/2023 , 04:15:00,0,0
242,04/08/2023 , 04:30:00,0,0
243,04/08/2023 , 04:45:00,0,0
244,04/08/2023 , 05:00:00,0,0
245,04/08/2023 , 05:15:00,0,0
246,04/08/2023 , 05:30:00,0,0
247,04/08/2023 , 05:45:00,0,0
248,04/08/2023 , 06:00:00,0,0
249,04/08/2023 , 06:15:00,0,0
250,04/08/2023 , 06:30:00,11,8.7
251,04/08/2023 , 06:45:00,119,94.2
252,04/08/2023 , 07:00:00,413,327
253,04/08/2023 , 07:15:00,804,636.6
254,04/08/2023 , 07:30:00,1353,1071.3
255,04/08/2023 , 07:45:00,1433,1134.7
256,04/08/2023 , 08:00:00,2568,2033.4
257,04/08/2023 , 08:15:00,2331,1845.8
258,04/08/2023 , 08:30:00,4160,3294
259,04/08/2023 , 08:45:00,2614,2069.8
260,04/08/2023 , 09:00:00,5211,4126.2
261,04/08/2023 , 09:15:00,6712,5314.8
262,04/08/2023 , 09:30:00,7878,6238
263,04/08/2023 , 09:45:00,9311,7372.7
264,04/08/2023 , 10:00:00,9838,7790
265,04/08/2023 , 10:15:00,8754,6931.7
266,04/08/2023 , 10:30:00,10413,8245.3
267,04/08/2023 , 10:45:00,10921,8647.6
268,04/08/2023 , 11:00:00,11707,9269.9
269,04/08/2023 , 11:15:00,12777,10117.2
270,04/08/2023 , 11:30:00,13362,10580.4
271,04/08/2023 , 11:45:00,13388,10601
272,04/08/2023 , 12:00:00,14208,11250.3
273,04/08/2023 , 12:15:00,14286,11312.1
274,04/08/2023 , 12:30:00,14822,11736.5
275,04/08/2023 , 12:45:00,13374,10589.9
276,04/08/2023 , 13:00:00,14472,11459.3
277,04/08/2023 , 13:15:00,14413,11412.6
278,04/08/2023 , 13:30:00,15373,12172.8
279,04/08/2023 , 13:45:00,16964,13432.6
280,04/08/2023 , 14:00:00,16575,13124.6
281,04/08/2023 , 14:15:00,16473,13043.8
282,04/08/2023 , 14:30:00,12491,9890.7
283,04/08/2023 , 14:45:00,8054,6377.4
284,04/08/2023 , 15:00:00,6128,4852.3
285,04/08/2023 , 15:15:00,5922,4689.2
286,04/08/2023 , 15:30:00,4676,3702.6
287,04/08/2023 , 15:45:00,8024,6353.6
288,04/08/2023 , 16:00:00,7791,6169.1
289,04/08/2023 , 16:15:00,11323,8965.9
290,04/08/2023 , 16:30:00,11569,9160.7
291,04/08/2023 , 16:45:00,11727,9285.8
292,04/08/2023 , 17:00:00,10982,8695.9
293,04/08/2023 , 17:15:00,10148,8035.5
294,04/08/2023 , 17:30:00,8981,7111.4
295,04/08/2023 , 17:45:00,7923,6273.7
296,04/08/2023 , 18:00:00,6833,5410.6
297,04/08/2023 , 18:15:00,5621,4450.9
298,04/08/2023 , 18:30:00,4198,3324.1
299,04/08/2023 , 18:45:00,2431,1924.9
300,04/08/2023 , 19:00:00,2787,2206.8
301,04/08/2023 , 19:15:00,2353,1863.2
302,04/08/2023 , 19:30:00,1542,1221
303,04/08/2023 , 19:45:00,900,712.6
304,04/08/2023 , 20:00:00,433,342.9
305,04/08/2023 , 20:15:00,146,115.6
306,04/08/2023 , 20:30:00,22,17.4
307,04/08/2023 , 20:45:00,0,0
308,04/08/2023 , 21:00:00,0,0
309,04/08/2023 , 21:15:00,0,0
310,04/08/2023 , 21:30:00,0,0
311,04/08/2023 , 21:45:00,0,0
312,04/08/2023 , 22:00:00,0,0
313,04/08/2023 , 22:15:00,0,0
314,04/08/2023 , 22:30:00,0,0
315,04/08/2023 , 22:45:00,0,0
316,04/08/2023 , 23:00:00,0,0
317,04/08/2023 , 23:15:00,0,0
318,04/08/2023 , 23:30:00,0,0
319,04/08/2023 , 23:45:00,0,0
320,04/08/2023 , 24:00:00,0,0
321,05/08/2023 , 00:15:00,0,0
322,05/08/2023 , 00:30:00,0,0
323,05/08/2023 , 00:45:00,0,0
324,05/08/2023 , 01:00:00,0,0
325,05/08/2023 , 01:15:00,0,0
326,05/08/2023 , 01:30:00,0,0
327,05/08/2023 , 01:45:00,0,0
328,05/08/2023 , 02:00:00,0,0
329,05/08/2023 , 02:15:00,0,0
330,05/08/2023 , 02:30:00,0,0
331,05/08/2023 , 02:45:00,0,0
332,05/08/2023 , 03:00:00,0,0
333,05/08/2023 , 03:15:00,0,0
334,05/08/2023 , 03:30:00,0,0
335,05/08/2023 , 03:45:00,0,0
336,05/08/2023 , 04:00:00,0,0
337,05/08/2023 , 04:15:00,0,0
338,05/08/2023 , 04:30:00,0,0
339,05/08/2023 , 04:45:00,0,0
340,05/08/2023 , 05:00:00,0,0
341,05/08/2023 , 05:15:00,0,0
342,05/08/2023 , 05:30:00,0,0
343,05/08/2023 , 05:45:00,0,0
344,05/08/2023 , 06:00:00,0,0
345,05/08/2023 , 06:15:00,0,0
346,05/08/2023 , 06:30:00,9,7.1
347,05/08/2023 , 06:45:00,89,70.5
348,05/08/2023 , 07:00:00,261,206.7
349,05/08/2023 , 07:15:00,572,452.9
350,05/08/2023 , 07:30:00,1102,872.6
351,05/08/2023 , 07:45:00,2132,1688.2
352,05/08/2023 , 08:00:00,1756,1390.5
353,05/08/2023 , 08:15:00,3169,2509.3
354,05/08/2023 , 08:30:00,2610,2066.7
355,05/08/2023 , 08:45:00,4292,3398.5
356,05/08/2023 , 09:00:00,6008,4757.3
357,05/08/2023 , 09:15:00,6407,5073.2
358,05/08/2023 , 09:30:00,7583,6004.4
359,05/08/2023 , 09:45:00,8562,6779.6
360,05/08/2023 , 10:00:00,7186,5690.1
361,05/08/2023 , 10:15:00,8609,6816.9
362,05/08/2023 , 10:30:00,5099,4037.5
363,05/08/2023 , 10:45:00,3840,3040.6
364,05/08/2023 , 11:00:00,6504,5150.1
365,05/08/2023 , 11:15:00,12388,9809.2
366,05/08/2023 , 11:30:00,13491,10682.6
367,05/08/2023 , 11:45:00,10373,8213.6
368,05/08/2023 , 12:00:00,14600,11560.7
369,05/08/2023 , 12:15:00,12935,10242.3
370,05/08/2023 , 12:30:00,11211,8877.2
371,05/08/2023 , 12:45:00,14737,11669.2
372,05/08/2023 , 13:00:00,11906,9427.5
373,05/08/2023 , 13:15:00,4561,3611.5
374,05/08/2023 , 13:30:00,2251,1782.4
375,05/08/2023 , 13:45:00,440,348.4
376,05/08/2023 , 14:00:00,433,342.9
377,05/08/2023 , 14:15:00,549,434.7
378,05/08/2023 , 14:30:00,882,698.4
379,05/08/2023 , 14:45:00,1518,1202
380,05/08/2023 , 15:00:00,1478,1170.3
381,05/08/2023 , 15:15:00,1629,1289.9
382,05/08/2023 , 15:30:00,1756,1390.5
383,05/08/2023 , 15:45:00,1501,1188.5
384,05/08/2023 , 16:00:00,1441,1141
385,05/08/2023 , 16:15:00,1101,871.8
386,05/08/2023 , 16:30:00,902,714.2
387,05/08/2023 , 16:45:00,1228,972.4
388,05/08/2023 , 17:00:00,463,366.6
389,05/08/2023 , 17:15:00,204,161.5
390,05/08/2023 , 17:30:00,787,623.2
391,05/08/2023 , 17:45:00,1343,1063.4
392,05/08/2023 , 18:00:00,1498,1186.2
393,05/08/2023 , 18:15:00,1574,1246.3
394,05/08/2023 , 18:30:00,1836,1453.8
395,05/08/2023 , 18:45:00,1149,909.8
396,05/08/2023 , 19:00:00,849,672.3
397,05/08/2023 , 19:15:00,463,366.6
398,05/08/2023 , 19:30:00,309,244.7
399,05/08/2023 , 19:45:00,406,321.5
400,05/08/2023 , 20:00:00,254,201.1
401,05/08/2023 , 20:15:00,48,38
402,05/08/2023 , 20:30:00,4,3.2
403,05/08/2023 , 20:45:00,0,0
404,05/08/2023 , 21:00:00,0,0
405,05/08/2023 , 21:15:00,0,0
406,05/08/2023 , 21:30:00,0,0
407,05/08/2023 , 21:45:00,0,0
408,05/08/2023 , 22:00:00,0,0
409,05/08/2023 , 22:15:00,0,0
410,05/08/2023 , 22:30:00,0,0
411,05/08/2023 , 22:45:00,0,0
412,05/08/2023 , 23:00:00,0,0
413,05/08/2023 , 23:15:00,0,0
414,05/08/2023 , 23:30:00,0,0
415,05/08/2023 , 23:45:00,0,0
416,05/08/2023 , 24:00:00,0,0
417,06/08/2023 , 00:15:00,0,0
418,06/08/2023 , 00:30:00,0,0
419,06/08/2023 , 00:45:00,0,0
420,06/08/2023 , 01:00:00,0,0
421,06/08/2023 , 01:15:00,0,0
422,06/08/2023 , 01:30:00,0,0
423,06/08/2023 , 01:45:00,0,0
424,06/08/2023 , 02:00:00,0,0
425,06/08/2023 , 02:15:00,0,0
426,06/08/2023 , 02:30:00,0,0
427,06/08/2023 , 02:45:00,0,0
428,06/08/2023 , 03:00:00,0,0
429,06/08/2023 , 03:15:00,0,0
430,06/08/2023 , 03:30:00,0,0
431,06/08/2023 , 03:45:00,0,0
432,06/08/2023 , 04:00:00,0,0
433,06/08/2023 , 04:15:00,0,0
434,06/08/2023 , 04:30:00,0,0
435,06/08/2023 , 04:45:00,0,0
436,06/08/2023 , 05:00:00,0,0
437,06/08/2023 , 05:15:00,0,0
438,06/08/2023 , 05:30:00,0,0
439,06/08/2023 , 05:45:00,0,0
440,06/08/2023 , 06:00:00,0,0
441,06/08/2023 , 06:15:00,0,0
442,06/08/2023 , 06:30:00,0,0
443,06/08/2023 , 06:45:00,10,7.9
444,06/08/2023 , 07:00:00,41,32.5
445,06/08/2023 , 07:15:00,63,49.9
446,06/08/2023 , 07:30:00,81,64.1
447,06/08/2023 , 07:45:00,161,127.5
448,06/08/2023 , 08:00:00,127,100.6
449,06/08/2023 , 08:15:00,431,341.3
450,06/08/2023 , 08:30:00,650,514.7
451,06/08/2023 , 08:45:00,706,559
452,06/08/2023 , 09:00:00,630,498.9
453,06/08/2023 , 09:15:00,597,472.7
454,06/08/2023 , 09:30:00,1233,976.3
455,06/08/2023 , 09:45:00,1199,949.4
456,06/08/2023 , 10:00:00,1361,1077.7
457,06/08/2023 , 10:15:00,2045,1619.3
458,06/08/2023 , 10:30:00,2519,1994.6
459,06/08/2023 , 10:45:00,3800,3008.9
460,06/08/2023 , 11:00:00,3268,2587.7
461,06/08/2023 , 11:15:00,2855,2260.7
462,06/08/2023 , 11:30:00,4093,3241
463,06/08/2023 , 11:45:00,5131,4062.9
464,06/08/2023 , 12:00:00,4067,3220.4
465,06/08/2023 , 12:15:00,5781,4577.6
466,06/08/2023 , 12:30:00,7585,6006
467,06/08/2023 , 12:45:00,7177,5683
468,06/08/2023 , 13:00:00,3917,3101.6
469,06/08/2023 , 13:15:00,8944,7082.1
470,06/08/2023 , 13:30:00,9423,7461.4
471,06/08/2023 , 13:45:00,16112,12757.9
472,06/08/2023 , 14:00:00,13801,10928
473,06/08/2023 , 14:15:00,11456,9071.2
474,06/08/2023 , 14:30:00,14661,11609
475,06/08/2023 , 14:45:00,17081,13525.2
476,06/08/2023 , 15:00:00,9565,7573.8
477,06/08/2023 , 15:15:00,8287,6561.9
478,06/08/2023 , 15:30:00,9166,7257.9
479,06/08/2023 , 15:45:00,6027,4772.4
480,06/08/2023 , 16:00:00,6042,4784.2
481,06/08/2023 , 16:15:00,10178,8059.2
482,06/08/2023 , 16:30:00,8061,6382.9
483,06/08/2023 , 16:45:00,3814,3020
484,06/08/2023 , 17:00:00,6079,4813.5
485,06/08/2023 , 17:15:00,4569,3617.9
486,06/08/2023 , 17:30:00,2126,1683.4
487,06/08/2023 , 17:45:00,2084,1650.2
488,06/08/2023 , 18:00:00,2257,1787.2
489,06/08/2023 , 18:15:00,2160,1710.4
490,06/08/2023 , 18:30:00,2084,1650.2
491,06/08/2023 , 18:45:00,1675,1326.3
492,06/08/2023 , 19:00:00,1302,1031
493,06/08/2023 , 19:15:00,889,703.9
494,06/08/2023 , 19:30:00,633,501.2
495,06/08/2023 , 19:45:00,398,315.1
496,06/08/2023 , 20:00:00,170,134.6
497,06/08/2023 , 20:15:00,46,36.4
498,06/08/2023 , 20:30:00,4,3.2
499,06/08/2023 , 20:45:00,0,0
500,06/08/2023 , 21:00:00,0,0
501,06/08/2023 , 21:15:00,0,0
502,06/08/2023 , 21:30:00,0,0
503,06/08/2023 , 21:45:00,0,0
504,06/08/2023 , 22:00:00,0,0
505,06/08/2023 , 22:15:00,0,0
506,06/08/2023 , 22:30:00,0,0
507,06/08/2023 , 22:45:00,0,0
508,06/08/2023 , 23:00:00,0,0
509,06/08/2023 , 23:15:00,0,0
510,06/08/2023 , 23:30:00,0,0
511,06/08/2023 , 23:45:00,0,0
512,06/08/2023 , 24:00:00,0,0
513,07/08/2023 , 00:15:00,0,0
514,07/08/2023 , 00:30:00,0,0
515,07/08/2023 , 00:45:00,0,0
516,07/08/2023 , 01:00:00,0,0
517,07/08/2023 , 01:15:00,0,0
518,07/08/2023 , 01:30:00,0,0
519,07/08/2023 , 01:45:00,0,0
520,07/08/2023 , 02:00:00,0,0
521,07/08/2023 , 02:15:00,0,0
522,07/08/2023 , 02:30:00,0,0
523,07/08/2023 , 02:45:00,0,0
524,07/08/2023 , 03:00:00,0,0
525,07/08/2023 , 03:15:00,0,0
526,07/08/2023 , 03:30:00,0,0
527,07/08/2023 , 03:45:00,0,0
528,07/08/2023 , 04:00:00,0,0
529,07/08/2023 , 04:15:00,0,0
530,07/08/2023 , 04:30:00,0,0
531,07/08/2023 , 04:45:00,0,0
532,07/08/2023 , 05:00:00,0,0
533,07/08/2023 , 05:15:00,0,0
534,07/08/2023 , 05:30:00,0,0
535,07/08/2023 , 05:45:00,0,0
536,07/08/2023 , 06:00:00,0,0
537,07/08/2023 , 06:15:00,0,0
538,07/08/2023 , 06:30:00,4,3.2
539,07/08/2023 , 06:45:00,55,43.6
540,07/08/2023 , 07:00:00,187,148.1
541,07/08/2023 , 07:15:00,288,228
542,07/08/2023 , 07:30:00,426,337.3
543,07/08/2023 , 07:45:00,760,601.8
544,07/08/2023 , 08:00:00,1190,942.3
545,07/08/2023 , 08:15:00,1693,1340.6
546,07/08/2023 , 08:30:00,2545,2015.2
547,07/08/2023 , 08:45:00,2533,2005.7
548,07/08/2023 , 09:00:00,3623,2868.8
549,07/08/2023 , 09:15:00,6063,4800.9
550,07/08/2023 , 09:30:00,5480,4339.2
551,07/08/2023 , 09:45:00,8287,6561.9
552,07/08/2023 , 10:00:00,7899,6254.7
553,07/08/2023 , 10:15:00,8615,6821.6
554,07/08/2023 , 10:30:00,11819,9358.6
555,07/08/2023 , 10:45:00,11029,8733.1
556,07/08/2023 , 11:00:00,10546,8350.6
557,07/08/2023 , 11:15:00,11019,8725.2
558,07/08/2023 , 11:30:00,5784,4579.9
559,07/08/2023 , 11:45:00,10806,8556.5
560,07/08/2023 , 12:00:00,10760,8520.1
561,07/08/2023 , 12:15:00,12140,9612.8
562,07/08/2023 , 12:30:00,11590,9177.3
563,07/08/2023 , 12:45:00,13247,10489.4
564,07/08/2023 , 13:00:00,16394,12981.2
565,07/08/2023 , 13:15:00,15854,12553.7
566,07/08/2023 , 13:30:00,15813,12521.2
567,07/08/2023 , 13:45:00,15888,12580.6
568,07/08/2023 , 14:00:00,15721,12448.3
569,07/08/2023 , 14:15:00,15881,12575
570,07/08/2023 , 14:30:00,15618,12366.8
571,07/08/2023 , 14:45:00,15525,12293.1
572,07/08/2023 , 15:00:00,15025,11897.2
573,07/08/2023 , 15:15:00,11080,8773.5
574,07/08/2023 , 15:30:00,10581,8378.3
575,07/08/2023 , 15:45:00,9410,7451.1
576,07/08/2023 , 16:00:00,7753,6139
577,07/08/2023 , 16:15:00,8657,6854.9
578,07/08/2023 , 16:30:00,8479,6713.9
579,07/08/2023 , 16:45:00,7002,5544.4
580,07/08/2023 , 17:00:00,5800,4592.6
581,07/08/2023 , 17:15:00,4625,3662.2
582,07/08/2023 , 17:30:00,4347,3442.1
583,07/08/2023 , 17:45:00,3869,3063.6
584,07/08/2023 , 18:00:00,3886,3077
585,07/08/2023 , 18:15:00,3511,2780.1
586,07/08/2023 , 18:30:00,4887,3869.7
587,07/08/2023 , 18:45:00,3848,3047
588,07/08/2023 , 19:00:00,2587,2048.5
589,07/08/2023 , 19:15:00,1549,1226.5
590,07/08/2023 , 19:30:00,744,589.1
591,07/08/2023 , 19:45:00,410,324.6
592,07/08/2023 , 20:00:00,205,162.3
593,07/08/2023 , 20:15:00,65,51.5
594,07/08/2023 , 20:30:00,7,5.5
595,07/08/2023 , 20:45:00,0,0
596,07/08/2023 , 21:00:00,0,0
597,07/08/2023 , 21:15:00,0,0
598,07/08/2023 , 21:30:00,0,0
599,07/08/2023 , 21:45:00,0,0
600,07/08/2023 , 22:00:00,0,0
601,07/08/2023 , 22:15:00,0,0
602,07/08/2023 , 22:30:00,0,0
603,07/08/2023 , 22:45:00,0,0
604,07/08/2023 , 23:00:00,0,0
605,07/08/2023 , 23:15:00,0,0
606,07/08/2023 , 23:30:00,0,0
607,07/08/2023 , 23:45:00,0,0
608,07/08/2023 , 24:00:00,0,0
609,08/08/2023 , 00:15:00,0,0
610,08/08/2023 , 00:30:00,0,0
611,08/08/2023 , 00:45:00,0,0
612,08/08/2023 , 01:00:00,0,0
613,08/08/2023 , 01:15:00,0,0
614,08/08/2023 , 01:30:00,0,0
615,08/08/2023 , 01:45:00,0,0
616,08/08/2023 , 02:00:00,0,0
617,08/08/2023 , 02:15:00,0,0
618,08/08/2023 , 02:30:00,0,0
619,08/08/2023 , 02:45:00,0,0
620,08/08/2023 , 03:00:00,0,0
621,08/08/2023 , 03:15:00,0,0
622,08/08/2023 , 03:30:00,0,0
623,08/08/2023 , 03:45:00,0,0
624,08/08/2023 , 04:00:00,0,0
625,08/08/2023 , 04:15:00,0,0
626,08/08/2023 , 04:30:00,0,0
627,08/08/2023 , 04:45:00,0,0
628,08/08/2023 , 05:00:00,0,0
629,08/08/2023 , 05:15:00,0,0
630,08/08/2023 , 05:30:00,0,0
631,08/08/2023 , 05:45:00,0,0
632,08/08/2023 , 06:00:00,0,0
633,08/08/2023 , 06:15:00,0,0
634,08/08/2023 , 06:30:00,4,3.2
635,08/08/2023 , 06:45:00,72,57
636,08/08/2023 , 07:00:00,271,214.6
637,08/08/2023 , 07:15:00,595,471.1
638,08/08/2023 , 07:30:00,969,767.3
639,08/08/2023 , 07:45:00,1490,1179.8
640,08/08/2023 , 08:00:00,1427,1129.9
641,08/08/2023 , 08:15:00,2253,1784
642,08/08/2023 , 08:30:00,3428,2714.4
643,08/08/2023 , 08:45:00,4127,3267.9
644,08/08/2023 , 09:00:00,5281,4181.6
645,08/08/2023 , 09:15:00,6023,4769.2
646,08/08/2023 , 09:30:00,6892,5457.3
647,08/08/2023 , 09:45:00,8077,6395.6
648,08/08/2023 , 10:00:00,8561,6778.8
649,08/08/2023 , 10:15:00,9562,7571.5
650,08/08/2023 , 10:30:00,10457,8280.2
651,08/08/2023 , 10:45:00,10834,8578.7
652,08/08/2023 , 11:00:00,12572,9954.9
653,08/08/2023 , 11:15:00,10634,8420.3
654,08/08/2023 , 11:30:00,11480,9090.2
655,08/08/2023 , 11:45:00,13556,10734
656,08/08/2023 , 12:00:00,14439,11433.2
657,08/08/2023 , 12:15:00,14594,11555.9
658,08/08/2023 , 12:30:00,10363,8205.7
659,08/08/2023 , 12:45:00,2618,2073
660,08/08/2023 , 13:00:00,11164,8840
661,08/08/2023 , 13:15:00,15356,12159.3
662,08/08/2023 , 13:30:00,15091,11949.5
663,08/08/2023 , 13:45:00,15020,11893.3
664,08/08/2023 , 14:00:00,14592,11554.4
665,08/08/2023 , 14:15:00,14592,11554.4
666,08/08/2023 , 14:30:00,13872,10984.2
667,08/08/2023 , 14:45:00,13870,10982.7
668,08/08/2023 , 15:00:00,13181,10437.1
669,08/08/2023 , 15:15:00,10040,7950
670,08/08/2023 , 15:30:00,11376,9007.8
671,08/08/2023 , 15:45:00,10086,7986.4
672,08/08/2023 , 16:00:00,10346,8192.3
673,08/08/2023 , 16:15:00,7870,6231.7
674,08/08/2023 , 16:30:00,9142,7238.9
675,08/08/2023 , 16:45:00,8008,6341
676,08/08/2023 , 17:00:00,7180,5685.3
677,08/08/2023 , 17:15:00,6678,5287.8
678,08/08/2023 , 17:30:00,6449,5106.5
679,08/08/2023 , 17:45:00,5115,4050.2
680,08/08/2023 , 18:00:00,4701,3722.4
681,08/08/2023 , 18:15:00,3903,3090.5
682,08/08/2023 , 18:30:00,3327,2634.4
683,08/08/2023 , 18:45:00,2414,1911.5
684,08/08/2023 , 19:00:00,1723,1364.3
685,08/08/2023 , 19:15:00,1514,1198.8
686,08/08/2023 , 19:30:00,1038,821.9
687,08/08/2023 , 19:45:00,581,460.1
688,08/08/2023 , 20:00:00,267,211.4
689,08/08/2023 , 20:15:00,88,69.7
690,08/08/2023 , 20:30:00,7,5.5
691,08/08/2023 , 20:45:00,0,0
692,08/08/2023 , 21:00:00,0,0
693,08/08/2023 , 21:15:00,0,0
694,08/08/2023 , 21:30:00,0,0
695,08/08/2023 , 21:45:00,0,0
696,08/08/2023 , 22:00:00,0,0
697,08/08/2023 , 22:15:00,0,0
698,08/08/2023 , 22:30:00,0,0
699,08/08/2023 , 22:45:00,0,0
700,08/08/2023 , 23:00:00,0,0
701,08/08/2023 , 23:15:00,0,0
702,08/08/2023 , 23:30:00,0,0
703,08/08/2023 , 23:45:00,0,0
704,08/08/2023 , 24:00:00,0,0
705,09/08/2023 , 00:15:00,0,0
706,09/08/2023 , 00:30:00,0,0
707,09/08/2023 , 00:45:00,0,0
708,09/08/2023 , 01:00:00,0,0
709,09/08/2023 , 01:15:00,0,0
710,09/08/2023 , 01:30:00,0,0
711,09/08/2023 , 01:45:00,0,0
712,09/08/2023 , 02:00:00,0,0
713,09/08/2023 , 02:15:00,0,0
714,09/08/2023 , 02:30:00,0,0
715,09/08/2023 , 02:45:00,0,0
716,09/08/2023 , 03:00:00,0,0
717,09/08/2023 , 03:15:00,0,0
718,09/08/2023 , 03:30:00,0,0
719,09/08/2023 , 03:45:00,0,0
720,09/08/2023 , 04:00:00,0,0
721,09/08/2023 , 04:15:00,0,0
722,09/08/2023 , 04:30:00,0,0
723,09/08/2023 , 04:45:00,0,0
724,09/08/2023 , 05:00:00,0,0
725,09/08/2023 , 05:15:00,0,0
726,09/08/2023 , 05:30:00,0,0
727,09/08/2023 , 05:45:00,0,0
728,09/08/2023 , 06:00:00,0,0
729,09/08/2023 , 06:15:00,0,0
730,09/08/2023 , 06:30:00,4,3.2
731,09/08/2023 , 06:45:00,61,48.3
732,09/08/2023 , 07:00:00,230,182.1
733,09/08/2023 , 07:15:00,487,385.6
734,09/08/2023 , 07:30:00,840,665.1
735,09/08/2023 , 07:45:00,1342,1062.6
736,09/08/2023 , 08:00:00,2130,1686.6
737,09/08/2023 , 08:15:00,2157,1708
738,09/08/2023 , 08:30:00,3098,2453.1
739,09/08/2023 , 08:45:00,4445,3519.7
740,09/08/2023 , 09:00:00,5217,4131
741,09/08/2023 , 09:15:00,6078,4812.7
742,09/08/2023 , 09:30:00,6479,5130.3
743,09/08/2023 , 09:45:00,7507,5944.3
744,09/08/2023 , 10:00:00,8372,6629.2
745,09/08/2023 , 10:15:00,9670,7657
746,09/08/2023 , 10:30:00,9342,7397.3
747,09/08/2023 , 10:45:00,10372,8212.8
748,09/08/2023 , 11:00:00,10864,8602.4
749,09/08/2023 , 11:15:00,11796,9340.4
750,09/08/2023 , 11:30:00,13222,10469.6
751,09/08/2023 , 11:45:00,13774,10906.6
752,09/08/2023 , 12:00:00,13766,10900.3
753,09/08/2023 , 12:15:00,11819,9358.6
754,09/08/2023 , 12:30:00,14140,11196.5
755,09/08/2023 , 12:45:00,15806,12515.6
756,09/08/2023 , 13:00:00,15873,12568.7
757,09/08/2023 , 13:15:00,15886,12579
758,09/08/2023 , 13:30:00,14902,11799.8
759,09/08/2023 , 13:45:00,13053,10335.7
760,09/08/2023 , 14:00:00,15499,12272.6
761,09/08/2023 , 14:15:00,14512,11491
762,09/08/2023 , 14:30:00,13589,10760.2
763,09/08/2023 , 14:45:00,13850,10966.8
764,09/08/2023 , 15:00:00,12765,10107.7
765,09/08/2023 , 15:15:00,12301,9740.3
766,09/08/2023 , 15:30:00,12188,9650.8
767,09/08/2023 , 15:45:00,11209,8875.6
768,09/08/2023 , 16:00:00,10350,8195.4
769,09/08/2023 , 16:15:00,9179,7268.2
770,09/08/2023 , 16:30:00,9655,7645.1
771,09/08/2023 , 16:45:00,7014,5553.9
772,09/08/2023 , 17:00:00,6539,5177.8
773,09/08/2023 , 17:15:00,6912,5473.1
774,09/08/2023 , 17:30:00,5007,3964.7
775,09/08/2023 , 17:45:00,3438,2722.3
776,09/08/2023 , 18:00:00,1478,1170.3
777,09/08/2023 , 18:15:00,3916,3100.8
778,09/08/2023 , 18:30:00,3099,2453.9
779,09/08/2023 , 18:45:00,933,738.8
780,09/08/2023 , 19:00:00,1595,1263
781,09/08/2023 , 19:15:00,1281,1014.3
782,09/08/2023 , 19:30:00,744,589.1
783,09/08/2023 , 19:45:00,493,390.4
784,09/08/2023 , 20:00:00,189,149.7
785,09/08/2023 , 20:15:00,49,38.8
786,09/08/2023 , 20:30:00,5,4
787,09/08/2023 , 20:45:00,0,0
788,09/08/2023 , 21:00:00,0,0
789,09/08/2023 , 21:15:00,0,0
790,09/08/2023 , 21:30:00,0,0
791,09/08/2023 , 21:45:00,0,0
792,09/08/2023 , 22:00:00,0,0
793,09/08/2023 , 22:15:00,0,0
794,09/08/2023 , 22:30:00,0,0
795,09/08/2023 , 22:45:00,0,0
796,09/08/2023 , 23:00:00,0,0
797,09/08/2023 , 23:15:00,0,0
798,09/08/2023 , 23:30:00,0,0
799,09/08/2023 , 23:45:00,0,0
800,09/08/2023 , 24:00:00,0,0
801,10/08/2023 , 00:15:00,0,0
802,10/08/2023 , 00:30:00,0,0
803,10/08/2023 , 00:45:00,0,0
804,10/08/2023 , 01:00:00,0,0
805,10/08/2023 , 01:15:00,0,0
806,10/08/2023 , 01:30:00,0,0
807,10/08/2023 , 01:45:00,0,0
808,10/08/2023 , 02:00:00,0,0
809,10/08/2023 , 02:15:00,0,0
810,10/08/2023 , 02:30:00,0,0
811,10/08/2023 , 02:45:00,0,0
812,10/08/2023 , 03:00:00,0,0
813,10/08/2023 , 03:15:00,0,0
814,10/08/2023 , 03:30:00,0,0
815,10/08/2023 , 03:45:00,0,0
816,10/08/2023 , 04:00:00,0,0
817,10/08/2023 , 04:15:00,0,0
818,10/08/2023 , 04:30:00,0,0
819,10/08/2023 , 04:45:00,0,0
820,10/08/2023 , 05:00:00,0,0
821,10/08/2023 , 05:15:00,0,0
822,10/08/2023 , 05:30:00,0,0
823,10/08/2023 , 05:45:00,0,0
824,10/08/2023 , 06:00:00,0,0
825,10/08/2023 , 06:15:00,0,0
826,10/08/2023 , 06:30:00,2,1.6
827,10/08/2023 , 06:45:00,50,39.6
828,10/08/2023 , 07:00:00,187,148.1
829,10/08/2023 , 07:15:00,359,284.3
830,10/08/2023 , 07:30:00,742,587.5
831,10/08/2023 , 07:45:00,1445,1144.2
832,10/08/2023 , 08:00:00,1925,1524.3
833,10/08/2023 , 08:15:00,2430,1924.1
834,10/08/2023 , 08:30:00,3571,2827.6
835,10/08/2023 , 08:45:00,2007,1589.2
836,10/08/2023 , 09:00:00,3668,2904.4
837,10/08/2023 , 09:15:00,5837,4621.9
838,10/08/2023 , 09:30:00,7873,6234.1
839,10/08/2023 , 09:45:00,7195,5697.2
840,10/08/2023 , 10:00:00,9226,7305.4
841,10/08/2023 , 10:15:00,8279,6555.6
842,10/08/2023 , 10:30:00,11010,8718
843,10/08/2023 , 10:45:00,11722,9281.8
844,10/08/2023 , 11:00:00,12204,9663.5
845,10/08/2023 , 11:15:00,13544,10724.5
846,10/08/2023 , 11:30:00,14260,11291.5
847,10/08/2023 , 11:45:00,15074,11936
848,10/08/2023 , 12:00:00,15307,12120.5
849,10/08/2023 , 12:15:00,16328,12929
850,10/08/2023 , 12:30:00,16331,12931.4
851,10/08/2023 , 12:45:00,12873,10193.2
852,10/08/2023 , 13:00:00,12743,10090.3
853,10/08/2023 , 13:15:00,14895,11794.3
854,10/08/2023 , 13:30:00,13314,10542.4
855,10/08/2023 , 13:45:00,9237,7314.1
856,10/08/2023 , 14:00:00,16736,13252
857,10/08/2023 , 14:15:00,12376,9799.7
858,10/08/2023 , 14:30:00,16092,12742.1
859,10/08/2023 , 14:45:00,15586,12341.4
860,10/08/2023 , 15:00:00,11702,9266
861,10/08/2023 , 15:15:00,13620,10784.7
862,10/08/2023 , 15:30:00,9385,7431.3
863,10/08/2023 , 15:45:00,5314,4207.8
864,10/08/2023 , 16:00:00,10928,8653.1
865,10/08/2023 , 16:15:00,11706,9269.1
866,10/08/2023 , 16:30:00,10149,8036.3
867,10/08/2023 , 16:45:00,9701,7681.5
868,10/08/2023 , 17:00:00,8891,7040.1
869,10/08/2023 , 17:15:00,6470,5123.1
870,10/08/2023 , 17:30:00,5282,4182.4
871,10/08/2023 , 17:45:00,3172,2511.7
872,10/08/2023 , 18:00:00,1757,1391.2
873,10/08/2023 , 18:15:00,1673,1324.7
874,10/08/2023 , 18:30:00,1678,1328.7
875,10/08/2023 , 18:45:00,1748,1384.1
876,10/08/2023 , 19:00:00,1733,1372.2
877,10/08/2023 , 19:15:00,1871,1481.5
878,10/08/2023 , 19:30:00,1457,1153.7
879,10/08/2023 , 19:45:00,921,729.3
880,10/08/2023 , 20:00:00,430,340.5
881,10/08/2023 , 20:15:00,85,67.3
882,10/08/2023 , 20:30:00,5,4
883,10/08/2023 , 20:45:00,0,0
884,10/08/2023 , 21:00:00,0,0
885,10/08/2023 , 21:15:00,0,0
886,10/08/2023 , 21:30:00,0,0
887,10/08/2023 , 21:45:00,0,0
888,10/08/2023 , 22:00:00,0,0
889,10/08/2023 , 22:15:00,0,0
890,10/08/2023 , 22:30:00,0,0
891,10/08/2023 , 22:45:00,0,0
892,10/08/2023 , 23:00:00,0,0
893,10/08/2023 , 23:15:00,0,0
894,10/08/2023 , 23:30:00,0,0
895,10/08/2023 , 23:45:00,0,0
896,10/08/2023 , 24:00:00,0,0
897,11/08/2023 , 00:15:00,0,0
898,11/08/2023 , 00:30:00,0,0
899,11/08/2023 , 00:45:00,0,0
900,11/08/2023 , 01:00:00,0,0
901,11/08/2023 , 01:15:00,0,0
902,11/08/2023 , 01:30:00,0,0
903,11/08/2023 , 01:45:00,0,0
904,11/08/2023 , 02:00:00,0,0
905,11/08/2023 , 02:15:00,0,0
906,11/08/2023 , 02:30:00,0,0
907,11/08/2023 , 02:45:00,0,0
908,11/08/2023 , 03:00:00,0,0
909,11/08/2023 , 03:15:00,0,0
910,11/08/2023 , 03:30:00,0,0
911,11/08/2023 , 03:45:00,0,0
912,11/08/2023 , 04:00:00,0,0
913,11/08/2023 , 04:15:00,0,0
914,11/08/2023 , 04:30:00,0,0
915,11/08/2023 , 04:45:00,0,0
916,11/08/2023 , 05:00:00,0,0
917,11/08/2023 , 05:15:00,0,0
918,11/08/2023 , 05:30:00,0,0
919,11/08/2023 , 05:45:00,0,0
920,11/08/2023 , 06:00:00,0,0
921,11/08/2023 , 06:15:00,0,0
922,11/08/2023 , 06:30:00,2,1.6
923,11/08/2023 , 06:45:00,53,42
924,11/08/2023 , 07:00:00,230,182.1
925,11/08/2023 , 07:15:00,566,448.2
926,11/08/2023 , 07:30:00,1013,802.1
927,11/08/2023 , 07:45:00,1541,1220.2
928,11/08/2023 , 08:00:00,2193,1736.5
929,11/08/2023 , 08:15:00,2820,2233
930,11/08/2023 , 08:30:00,3643,2884.6
931,11/08/2023 , 08:45:00,4491,3556.1
932,11/08/2023 , 09:00:00,5492,4348.7
933,11/08/2023 , 09:15:00,6168,4884
934,11/08/2023 , 09:30:00,7185,5689.3
935,11/08/2023 , 09:45:00,6592,5219.7
936,11/08/2023 , 10:00:00,9175,7265
937,11/08/2023 , 10:15:00,9183,7271.4
938,11/08/2023 , 10:30:00,11112,8798.8
939,11/08/2023 , 10:45:00,9987,7908
940,11/08/2023 , 11:00:00,11744,9299.2
941,11/08/2023 , 11:15:00,12258,9706.2
942,11/08/2023 , 11:30:00,13376,10591.5
943,11/08/2023 , 11:45:00,13775,10907.4
944,11/08/2023 , 12:00:00,14876,11779.2
945,11/08/2023 , 12:15:00,13272,10509.2
946,11/08/2023 , 12:30:00,14812,11728.6
947,11/08/2023 , 12:45:00,14538,11511.6
948,11/08/2023 , 13:00:00,15096,11953.4
949,11/08/2023 , 13:15:00,16852,13343.9
950,11/08/2023 , 13:30:00,17001,13461.9
951,11/08/2023 , 13:45:00,17095,13536.3
952,11/08/2023 , 14:00:00,17029,13484.1
953,11/08/2023 , 14:15:00,17648,13974.2
954,11/08/2023 , 14:30:00,16951,13422.3
955,11/08/2023 , 14:45:00,14137,11194.1
956,11/08/2023 , 15:00:00,14992,11871.1
957,11/08/2023 , 15:15:00,13791,10920.1
958,11/08/2023 , 15:30:00,13074,10352.4
959,11/08/2023 , 15:45:00,11837,9372.9
960,11/08/2023 , 16:00:00,11285,8935.8
961,11/08/2023 , 16:15:00,10260,8124.2
962,11/08/2023 , 16:30:00,10350,8195.4
963,11/08/2023 , 16:45:00,5851,4633
964,11/08/2023 , 17:00:00,6713,5315.5
965,11/08/2023 , 17:15:00,5660,4481.8
966,11/08/2023 , 17:30:00,7735,6124.8
967,11/08/2023 , 17:45:00,4910,3887.9
968,11/08/2023 , 18:00:00,5035,3986.9
969,11/08/2023 , 18:15:00,4507,3568.8
970,11/08/2023 , 18:30:00,3705,2933.7
971,11/08/2023 , 18:45:00,2629,2081.7
972,11/08/2023 , 19:00:00,2097,1660.5
973,11/08/2023 , 19:15:00,1621,1283.6
974,11/08/2023 , 19:30:00,1075,851.2
975,11/08/2023 , 19:45:00,619,490.1
976,11/08/2023 , 20:00:00,292,231.2
977,11/08/2023 , 20:15:00,77,61
978,11/08/2023 , 20:30:00,6,4.8
979,11/08/2023 , 20:45:00,0,0
980,11/08/2023 , 21:00:00,0,0
981,11/08/2023 , 21:15:00,0,0
982,11/08/2023 , 21:30:00,0,0
983,11/08/2023 , 21:45:00,0,0
984,11/08/2023 , 22:00:00,0,0
985,11/08/2023 , 22:15:00,0,0
986,11/08/2023 , 22:30:00,0,0
987,11/08/2023 , 22:45:00,0,0
988,11/08/2023 , 23:00:00,0,0
989,11/08/2023 , 23:15:00,0,0
990,11/08/2023 , 23:30:00,0,0
991,11/08/2023 , 23:45:00,0,0
992,11/08/2023 , 24:00:00,0,0
993,12/08/2023 , 00:15:00,0,0
994,12/08/2023 , 00:30:00,0,0
995,12/08/2023 , 00:45:00,0,0
996,12/08/2023 , 01:00:00,0,0
997,12/08/2023 , 01:15:00,0,0
998,12/08/2023 , 01:30:00,0,0
999,12/08/2023 , 01:45:00,0,0
1000,12/08/2023 , 02:00:00,0,0
1001,12/08/2023 , 02:15:00,0,0
1002,12/08/2023 , 02:30:00,0,0
1003,12/08/2023 , 02:45:00,0,0
1004,12/08/2023 , 03:00:00,0,0
1005,12/08/2023 , 03:15:00,0,0
1006,12/08/2023 , 03:30:00,0,0
1007,12/08/2023 , 03:45:00,0,0
1008,12/08/2023 , 04:00:00,0,0
1009,12/08/2023 , 04:15:00,0,0
1010,12/08/2023 , 04:30:00,0,0
1011,12/08/2023 , 04:45:00,0,0
1012,12/08/2023 , 05:00:00,0,0
1013,12/08/2023 , 05:15:00,0,0
1014,12/08/2023 , 05:30:00,0,0
1015,12/08/2023 , 05:45:00,0,0
1016,12/08/2023 , 06:00:00,0,0
1017,12/08/2023 , 06:15:00,0,0
1018,12/08/2023 , 06:30:00,2,1.6
1019,12/08/2023 , 06:45:00,61,48.3
1020,12/08/2023 , 07:00:00,240,190
1021,12/08/2023 , 07:15:00,563,445.8
1022,12/08/2023 , 07:30:00,767,607.3
1023,12/08/2023 , 07:45:00,1159,917.7
1024,12/08/2023 , 08:00:00,1349,1068.2
1025,12/08/2023 , 08:15:00,1370,1084.8
1026,12/08/2023 , 08:30:00,4155,3290
1027,12/08/2023 , 08:45:00,4836,3829.3
1028,12/08/2023 , 09:00:00,4339,3435.7
1029,12/08/2023 , 09:15:00,5646,4470.7
1030,12/08/2023 , 09:30:00,4210,3333.6
1031,12/08/2023 , 09:45:00,7491,5931.6
1032,12/08/2023 , 10:00:00,9484,7509.7
1033,12/08/2023 , 10:15:00,11352,8988.8
1034,12/08/2023 , 10:30:00,6701,5306
1035,12/08/2023 , 10:45:00,7077,5603.8
1036,12/08/2023 , 11:00:00,6621,5242.7
1037,12/08/2023 , 11:15:00,7056,5587.1
1038,12/08/2023 , 11:30:00,7960,6303
1039,12/08/2023 , 11:45:00,6678,5287.8
1040,12/08/2023 , 12:00:00,6369,5043.2
1041,12/08/2023 , 12:15:00,12541,9930.3
1042,12/08/2023 , 12:30:00,16616,13157
1043,12/08/2023 , 12:45:00,10363,8205.7
1044,12/08/2023 , 13:00:00,15626,12373.1
1045,12/08/2023 , 13:15:00,15309,12122.1
1046,12/08/2023 , 13:30:00,17169,13594.9
1047,12/08/2023 , 13:45:00,18262,14460.4
1048,12/08/2023 , 14:00:00,18334,14517.4
1049,12/08/2023 , 14:15:00,18267,14464.3
1050,12/08/2023 , 14:30:00,17875,14153.9
1051,12/08/2023 , 14:45:00,17259,13666.2
1052,12/08/2023 , 15:00:00,16289,12898.1
1053,12/08/2023 , 15:15:00,15873,12568.7
1054,12/08/2023 , 15:30:00,13685,10836.2
1055,12/08/2023 , 15:45:00,10994,8705.4
1056,12/08/2023 , 16:00:00,12630,10000.8
1057,12/08/2023 , 16:15:00,12345,9775.1
1058,12/08/2023 , 16:30:00,11979,9485.3
1059,12/08/2023 , 16:45:00,12178,9642.9
1060,12/08/2023 , 17:00:00,5367,4249.7
1061,12/08/2023 , 17:15:00,6055,4794.5
1062,12/08/2023 , 17:30:00,8537,6759.8
1063,12/08/2023 , 17:45:00,3900,3088.1
1064,12/08/2023 , 18:00:00,7928,6277.6
1065,12/08/2023 , 18:15:00,6511,5155.6
1066,12/08/2023 , 18:30:00,4053,3209.3
1067,12/08/2023 , 18:45:00,2422,1917.8
1068,12/08/2023 , 19:00:00,1374,1088
1069,12/08/2023 , 19:15:00,823,651.7
1070,12/08/2023 , 19:30:00,746,590.7
1071,12/08/2023 , 19:45:00,625,494.9
1072,12/08/2023 , 20:00:00,334,264.5
1073,12/08/2023 , 20:15:00,51,40.4
1074,12/08/2023 , 20:30:00,3,2.4
1075,12/08/2023 , 20:45:00,0,0
1076,12/08/2023 , 21:00:00,0,0
1077,12/08/2023 , 21:15:00,0,0
1078,12/08/2023 , 21:30:00,0,0
1079,12/08/2023 , 21:45:00,0,0
1080,12/08/2023 , 22:00:00,0,0
1081,12/08/2023 , 22:15:00,0,0
1082,12/08/2023 , 22:30:00,0,0
1083,12/08/2023 , 22:45:00,0,0
1084,12/08/2023 , 23:00:00,0,0
1085,12/08/2023 , 23:15:00,0,0
1086,12/08/2023 , 23:30:00,0,0
1087,12/08/2023 , 23:45:00,0,0
1088,12/08/2023 , 24:00:00,0,0
1089,13/08/2023 , 00:15:00,0,0
1090,13/08/2023 , 00:30:00,0,0
1091,13/08/2023 , 00:45:00,0,0
1092,13/08/2023 , 01:00:00,0,0
1093,13/08/2023 , 01:15:00,0,0
1094,13/08/2023 , 01:30:00,0,0
1095,13/08/2023 , 01:45:00,0,0
1096,13/08/2023 , 02:00:00,0,0
1097,13/08/2023 , 02:15:00,0,0
1098,13/08/2023 , 02:30:00,0,0
1099,13/08/2023 , 02:45:00,0,0
1100,13/08/2023 , 03:00:00,0,0
1101,13/08/2023 , 03:15:00,0,0
1102,13/08/2023 , 03:30:00,0,0
1103,13/08/2023 , 03:45:00,0,0
1104,13/08/2023 , 04:00:00,0,0
1105,13/08/2023 , 04:15:00,0,0
1106,13/08/2023 , 04:30:00,0,0
1107,13/08/2023 , 04:45:00,0,0
1108,13/08/2023 , 05:00:00,0,0
1109,13/08/2023 , 05:15:00,0,0
1110,13/08/2023 , 05:30:00,0,0
1111,13/08/2023 , 05:45:00,0,0
1112,13/08/2023 , 06:00:00,0,0
1113,13/08/2023 , 06:15:00,0,0
1114,13/08/2023 , 06:30:00,1,0.8
1115,13/08/2023 , 06:45:00,47,37.2
1116,13/08/2023 , 07:00:00,301,238.3
1117,13/08/2023 , 07:15:00,758,600.2
1118,13/08/2023 , 07:30:00,1517,1201.2
1119,13/08/2023 , 07:45:00,2019,1598.7
1120,13/08/2023 , 08:00:00,2596,2055.6
1121,13/08/2023 , 08:15:00,2881,2281.3
1122,13/08/2023 , 08:30:00,3639,2881.5
1123,13/08/2023 , 08:45:00,4805,3804.7
1124,13/08/2023 , 09:00:00,5729,4536.4
1125,13/08/2023 , 09:15:00,6531,5171.4
1126,13/08/2023 , 09:30:00,7074,5601.4
1127,13/08/2023 , 09:45:00,7663,6067.8
1128,13/08/2023 , 10:00:00,7640,6049.6
1129,13/08/2023 , 10:15:00,10638,8423.5
1130,13/08/2023 , 10:30:00,11743,9298.4
1131,13/08/2023 , 10:45:00,12660,10024.6
1132,13/08/2023 , 11:00:00,12595,9973.1
1133,13/08/2023 , 11:15:00,13994,11080.9
1134,13/08/2023 , 11:30:00,15074,11936
1135,13/08/2023 , 11:45:00,15802,12512.5
1136,13/08/2023 , 12:00:00,16569,13119.8
1137,13/08/2023 , 12:15:00,17105,13544.2
1138,13/08/2023 , 12:30:00,17554,13899.8
1139,13/08/2023 , 12:45:00,18005,14256.9
1140,13/08/2023 , 13:00:00,18369,14545.1
1141,13/08/2023 , 13:15:00,18250,14450.9
1142,13/08/2023 , 13:30:00,18725,14827
1143,13/08/2023 , 13:45:00,19101,15124.7
1144,13/08/2023 , 14:00:00,18474,14628.2
1145,13/08/2023 , 14:15:00,18880,14949.7
1146,13/08/2023 , 14:30:00,18765,14858.7
1147,13/08/2023 , 14:45:00,17738,14045.5
1148,13/08/2023 , 15:00:00,17975,14233.1
1149,13/08/2023 , 15:15:00,16596,13141.2
1150,13/08/2023 , 15:30:00,15411,12202.9
1151,13/08/2023 , 15:45:00,13583,10755.4
1152,13/08/2023 , 16:00:00,14796,11715.9
1153,13/08/2023 , 16:15:00,13975,11065.8
1154,13/08/2023 , 16:30:00,13760,10895.6
1155,13/08/2023 , 16:45:00,11069,8764.8
1156,13/08/2023 , 17:00:00,8537,6759.8
1157,13/08/2023 , 17:15:00,7351,5820.7
1158,13/08/2023 , 17:30:00,4506,3568
1159,13/08/2023 , 17:45:00,3693,2924.2
1160,13/08/2023 , 18:00:00,5201,4118.3
1161,13/08/2023 , 18:15:00,5058,4005.1
1162,13/08/2023 , 18:30:00,3518,2785.7
1163,13/08/2023 , 18:45:00,2666,2111
1164,13/08/2023 , 19:00:00,2074,1642.3
1165,13/08/2023 , 19:15:00,1071,848
1166,13/08/2023 , 19:30:00,767,607.3
1167,13/08/2023 , 19:45:00,448,354.7
1168,13/08/2023 , 20:00:00,193,152.8
1169,13/08/2023 , 20:15:00,43,34
1170,13/08/2023 , 20:30:00,2,1.6
1171,13/08/2023 , 20:45:00,0,0
1172,13/08/2023 , 21:00:00,0,0
1173,13/08/2023 , 21:15:00,0,0
1174,13/08/2023 , 21:30:00,0,0
1175,13/08/2023 , 21:45:00,0,0
1176,13/08/2023 , 22:00:00,0,0
1177,13/08/2023 , 22:15:00,0,0
1178,13/08/2023 , 22:30:00,0,0
1179,13/08/2023 , 22:45:00,0,0
1180,13/08/2023 , 23:00:00,0,0
1181,13/08/2023 , 23:15:00,0,0
1182,13/08/2023 , 23:30:00,0,0
1183,13/08/2023 , 23:45:00,0,0
1184,13/08/2023 , 24:00:00,0,0
1185,14/08/2023 , 00:15:00,0,0
1186,14/08/2023 , 00:30:00,0,0
1187,14/08/2023 , 00:45:00,0,0
1188,14/08/2023 , 01:00:00,0,0
1189,14/08/2023 , 01:15:00,0,0
1190,14/08/2023 , 01:30:00,0,0
1191,14/08/2023 , 01:45:00,0,0
1192,14/08/2023 , 02:00:00,0,0
1193,14/08/2023 , 02:15:00,0,0
1194,14/08/2023 , 02:30:00,0,0
1195,14/08/2023 , 02:45:00,0,0
1196,14/08/2023 , 03:00:00,0,0
1197,14/08/2023 , 03:15:00,0,0
1198,14/08/2023 , 03:30:00,0,0
1199,14/08/2023 , 03:45:00,0,0
1200,14/08/2023 , 04:00:00,0,0
1201,14/08/2023 , 04:15:00,0,0
1202,14/08/2023 , 04:30:00,0,0
1203,14/08/2023 , 04:45:00,0,0
1204,14/08/2023 , 05:00:00,0,0
1205,14/08/2023 , 05:15:00,0,0
1206,14/08/2023 , 05:30:00,0,0
1207,14/08/2023 , 05:45:00,0,0
1208,14/08/2023 , 06:00:00,0,0
1209,14/08/2023 , 06:15:00,0,0
1210,14/08/2023 , 06:30:00,0,0
1211,14/08/2023 , 06:45:00,27,21.4
1212,14/08/2023 , 07:00:00,150,118.8
1213,14/08/2023 , 07:15:00,367,290.6
1214,14/08/2023 , 07:30:00,592,468.8
1215,14/08/2023 , 07:45:00,738,584.4
1216,14/08/2023 , 08:00:00,1094,866.3
1217,14/08/2023 , 08:15:00,1380,1092.7
1218,14/08/2023 , 08:30:00,1374,1088
1219,14/08/2023 , 08:45:00,1978,1566.2
1220,14/08/2023 , 09:00:00,3687,2919.5
1221,14/08/2023 , 09:15:00,4832,3826.1
1222,14/08/2023 , 09:30:00,4922,3897.4
1223,14/08/2023 , 09:45:00,4224,3344.7
1224,14/08/2023 , 10:00:00,5623,4452.5
1225,14/08/2023 , 10:15:00,8473,6709.2
1226,14/08/2023 , 10:30:00,7918,6269.7
1227,14/08/2023 , 10:45:00,10424,8254
1228,14/08/2023 , 11:00:00,12154,9623.9
1229,14/08/2023 , 11:15:00,13866,10979.5
1230,14/08/2023 , 11:30:00,10595,8389.4
1231,14/08/2023 , 11:45:00,12629,10000
1232,14/08/2023 , 12:00:00,17212,13629
1233,14/08/2023 , 12:15:00,15349,12153.8
1234,14/08/2023 , 12:30:00,14810,11727
1235,14/08/2023 , 12:45:00,19164,15174.6
1236,14/08/2023 , 13:00:00,19186,15192
1237,14/08/2023 , 13:15:00,19612,15529.3
1238,14/08/2023 , 13:30:00,14046,11122
1239,14/08/2023 , 13:45:00,16760,13271.1
1240,14/08/2023 , 14:00:00,19498,15439.1
1241,14/08/2023 , 14:15:00,5987,4740.7
1242,14/08/2023 , 14:30:00,7732,6122.4
1243,14/08/2023 , 14:45:00,18878,14948.1
1244,14/08/2023 , 15:00:00,17711,14024.1
1245,14/08/2023 , 15:15:00,15777,12492.7
1246,14/08/2023 , 15:30:00,16713,13233.8
1247,14/08/2023 , 15:45:00,15501,12274.1
1248,14/08/2023 , 16:00:00,14660,11608.2
1249,14/08/2023 , 16:15:00,13762,10897.1
1250,14/08/2023 , 16:30:00,12440,9850.4
1251,14/08/2023 , 16:45:00,11619,9200.3
1252,14/08/2023 , 17:00:00,10550,8353.8
1253,14/08/2023 , 17:15:00,8459,6698.1
1254,14/08/2023 , 17:30:00,8603,6812.1
1255,14/08/2023 , 17:45:00,7441,5892
1256,14/08/2023 , 18:00:00,4941,3912.4
1257,14/08/2023 , 18:15:00,5257,4162.6
1258,14/08/2023 , 18:30:00,3428,2714.4
1259,14/08/2023 , 18:45:00,3074,2434.1
1260,14/08/2023 , 19:00:00,2638,2088.8
1261,14/08/2023 , 19:15:00,2204,1745.2
1262,14/08/2023 , 19:30:00,1131,895.6
1263,14/08/2023 , 19:45:00,613,485.4
1264,14/08/2023 , 20:00:00,248,196.4
1265,14/08/2023 , 20:15:00,38,30.1
1266,14/08/2023 , 20:30:00,1,0.8
1267,14/08/2023 , 20:45:00,0,0
1268,14/08/2023 , 21:00:00,0,0
1269,14/08/2023 , 21:15:00,0,0
1270,14/08/2023 , 21:30:00,0,0
1271,14/08/2023 , 21:45:00,0,0
1272,14/08/2023 , 22:00:00,0,0
1273,14/08/2023 , 22:15:00,0,0
1274,14/08/2023 , 22:30:00,0,0
1275,14/08/2023 , 22:45:00,0,0
1276,14/08/2023 , 23:00:00,0,0
1277,14/08/2023 , 23:15:00,0,0
1278,14/08/2023 , 23:30:00,0,0
1279,14/08/2023 , 23:45:00,0,0
1280,14/08/2023 , 24:00:00,0,0
1281,15/08/2023 , 00:15:00,0,0
1282,15/08/2023 , 00:30:00,0,0
1283,15/08/2023 , 00:45:00,0,0
1284,15/08/2023 , 01:00:00,0,0
1285,15/08/2023 , 01:15:00,0,0
1286,15/08/2023 , 01:30:00,0,0
1287,15/08/2023 , 01:45:00,0,0
1288,15/08/2023 , 02:00:00,0,0
1289,15/08/2023 , 02:15:00,0,0
1290,15/08/2023 , 02:30:00,0,0
1291,15/08/2023 , 02:45:00,0,0
1292,15/08/2023 , 03:00:00,0,0
1293,15/08/2023 , 03:15:00,0,0
1294,15/08/2023 , 03:30:00,0,0
1295,15/08/2023 , 03:45:00,0,0
1296,15/08/2023 , 04:00:00,0,0
1297,15/08/2023 , 04:15:00,0,0
1298,15/08/2023 , 04:30:00,0,0
1299,15/08/2023 , 04:45:00,0,0
1300,15/08/2023 , 05:00:00,0,0
1301,15/08/2023 , 05:15:00,0,0
1302,15/08/2023 , 05:30:00,0,0
1303,15/08/2023 , 05:45:00,0,0
1304,15/08/2023 , 06:00:00,0,0
1305,15/08/2023 , 06:15:00,0,0
1306,15/08/2023 , 06:30:00,1,0.8
1307,15/08/2023 , 06:45:00,48,38
1308,15/08/2023 , 07:00:00,211,167.1
1309,15/08/2023 , 07:15:00,486,384.8
1310,15/08/2023 , 07:30:00,1028,814
1311,15/08/2023 , 07:45:00,1937,1533.8
1312,15/08/2023 , 08:00:00,2741,2170.4
1313,15/08/2023 , 08:15:00,3146,2491.1
1314,15/08/2023 , 08:30:00,3912,3097.6
1315,15/08/2023 , 08:45:00,5396,4272.7
1316,15/08/2023 , 09:00:00,3192,2527.5
1317,15/08/2023 , 09:15:00,2754,2180.7
1318,15/08/2023 , 09:30:00,7006,5547.6
1319,15/08/2023 , 09:45:00,7906,6260.2
1320,15/08/2023 , 10:00:00,9275,7344.2
1321,15/08/2023 , 10:15:00,10143,8031.5
1322,15/08/2023 , 10:30:00,11300,8947.7
1323,15/08/2023 , 10:45:00,11428,9049
1324,15/08/2023 , 11:00:00,13301,10532.1
1325,15/08/2023 , 11:15:00,12937,10243.9
1326,15/08/2023 , 11:30:00,14535,11509.2
1327,15/08/2023 , 11:45:00,15925,12609.9
1328,15/08/2023 , 12:00:00,16355,12950.4
1329,15/08/2023 , 12:15:00,16951,13422.3
1330,15/08/2023 , 12:30:00,17210,13627.4
1331,15/08/2023 , 12:45:00,18704,14810.4
1332,15/08/2023 , 13:00:00,19077,15105.7
1333,15/08/2023 , 13:15:00,17444,13812.7
1334,15/08/2023 , 13:30:00,20458,16199.2
1335,15/08/2023 , 13:45:00,19286,15271.2
1336,15/08/2023 , 14:00:00,19755,15642.6
1337,15/08/2023 , 14:15:00,18937,14994.9
1338,15/08/2023 , 14:30:00,17746,14051.8
1339,15/08/2023 , 14:45:00,14131,11189.3
1340,15/08/2023 , 15:00:00,10431,8259.6
1341,15/08/2023 , 15:15:00,7111,5630.7
1342,15/08/2023 , 15:30:00,14924,11817.3
1343,15/08/2023 , 15:45:00,8036,6363.1
1344,15/08/2023 , 16:00:00,10112,8007
1345,15/08/2023 , 16:15:00,12286,9728.4
1346,15/08/2023 , 16:30:00,11750,9304
1347,15/08/2023 , 16:45:00,11489,9097.3
1348,15/08/2023 , 17:00:00,7694,6092.3
1349,15/08/2023 , 17:15:00,3564,2822.1
1350,15/08/2023 , 17:30:00,7443,5893.6
1351,15/08/2023 , 17:45:00,3924,3107.1
1352,15/08/2023 , 18:00:00,2692,2131.6
1353,15/08/2023 , 18:15:00,2437,1929.7
1354,15/08/2023 , 18:30:00,3830,3032.7
1355,15/08/2023 , 18:45:00,1912,1514
1356,15/08/2023 , 19:00:00,2263,1791.9
1357,15/08/2023 , 19:15:00,1609,1274.1
1358,15/08/2023 , 19:30:00,991,784.7
1359,15/08/2023 , 19:45:00,552,437.1
1360,15/08/2023 , 20:00:00,226,179
1361,15/08/2023 , 20:15:00,49,38.8
1362,15/08/2023 , 20:30:00,2,1.6
1363,15/08/2023 , 20:45:00,0,0
1364,15/08/2023 , 21:00:00,0,0
1365,15/08/2023 , 21:15:00,0,0
1366,15/08/2023 , 21:30:00,0,0
1367,15/08/2023 , 21:45:00,0,0
1368,15/08/2023 , 22:00:00,0,0
1369,15/08/2023 , 22:15:00,0,0
1370,15/08/2023 , 22:30:00,0,0
1371,15/08/2023 , 22:45:00,0,0
1372,15/08/2023 , 23:00:00,0,0
1373,15/08/2023 , 23:15:00,0,0
1374,15/08/2023 , 23:30:00,0,0
1375,15/08/2023 , 23:45:00,0,0
1376,15/08/2023 , 24:00:00,0,0
1377,16/08/2023 , 00:15:00,0,0
1378,16/08/2023 , 00:30:00,0,0
1379,16/08/2023 , 00:45:00,0,0
1380,16/08/2023 , 01:00:00,0,0
1381,16/08/2023 , 01:15:00,0,0
1382,16/08/2023 , 01:30:00,0,0
1383,16/08/2023 , 01:45:00,0,0
1384,16/08/2023 , 02:00:00,0,0
1385,16/08/2023 , 02:15:00,0,0
1386,16/08/2023 , 02:30:00,0,0
1387,16/08/2023 , 02:45:00,0,0
1388,16/08/2023 , 03:00:00,0,0
1389,16/08/2023 , 03:15:00,0,0
1390,16/08/2023 , 03:30:00,0,0
1391,16/08/2023 , 03:45:00,0,0
1392,16/08/2023 , 04:00:00,0,0
1393,16/08/2023 , 04:15:00,0,0
1394,16/08/2023 , 04:30:00,0,0
1395,16/08/2023 , 04:45:00,0,0
1396,16/08/2023 , 05:00:00,0,0
1397,16/08/2023 , 05:15:00,0,0
1398,16/08/2023 , 05:30:00,0,0
1399,16/08/2023 , 05:45:00,0,0
1400,16/08/2023 , 06:00:00,0,0
1401,16/08/2023 , 06:15:00,0,0
1402,16/08/2023 , 06:30:00,0,0
1403,16/08/2023 , 06:45:00,38,30.1
1404,16/08/2023 , 07:00:00,184,145.7
1405,16/08/2023 , 07:15:00,474,375.3
1406,16/08/2023 , 07:30:00,829,656.4
1407,16/08/2023 , 07:45:00,1455,1152.1
1408,16/08/2023 , 08:00:00,2036,1612.2
1409,16/08/2023 , 08:15:00,2771,2194.2
1410,16/08/2023 , 08:30:00,3452,2733.4
1411,16/08/2023 , 08:45:00,4412,3493.5
1412,16/08/2023 , 09:00:00,4793,3795.2
1413,16/08/2023 , 09:15:00,5891,4664.7
1414,16/08/2023 , 09:30:00,6845,5420.1
1415,16/08/2023 , 09:45:00,7595,6013.9
1416,16/08/2023 , 10:00:00,8550,6770.1
1417,16/08/2023 , 10:15:00,9400,7443.2
1418,16/08/2023 , 10:30:00,10347,8193.1
1419,16/08/2023 , 10:45:00,11391,9019.7
1420,16/08/2023 , 11:00:00,12557,9943
1421,16/08/2023 , 11:15:00,12981,10278.7
1422,16/08/2023 , 11:30:00,13907,11012
1423,16/08/2023 , 11:45:00,14575,11540.9
1424,16/08/2023 , 12:00:00,15500,12273.3
1425,16/08/2023 , 12:15:00,16158,12794.4
1426,16/08/2023 , 12:30:00,15719,12446.8
1427,16/08/2023 , 12:45:00,16858,13348.6
1428,16/08/2023 , 13:00:00,17711,14024.1
1429,16/08/2023 , 13:15:00,15284,12102.3
1430,16/08/2023 , 13:30:00,16722,13241
1431,16/08/2023 , 13:45:00,15639,12383.4
1432,16/08/2023 , 14:00:00,15994,12664.5
1433,16/08/2023 , 14:15:00,16288,12897.3
1434,16/08/2023 , 14:30:00,16824,13321.7
1435,16/08/2023 , 14:45:00,17289,13689.9
1436,16/08/2023 , 15:00:00,16911,13390.6
1437,16/08/2023 , 15:15:00,15936,12618.6
1438,16/08/2023 , 15:30:00,15201,12036.6
1439,16/08/2023 , 15:45:00,13226,10472.7
1440,16/08/2023 , 16:00:00,14029,11108.6
1441,16/08/2023 , 16:15:00,12705,10060.2
1442,16/08/2023 , 16:30:00,12009,9509.1
1443,16/08/2023 , 16:45:00,10891,8623.8
1444,16/08/2023 , 17:00:00,9691,7673.6
1445,16/08/2023 , 17:15:00,8439,6682.2
1446,16/08/2023 , 17:30:00,5006,3963.9
1447,16/08/2023 , 17:45:00,5108,4044.7
1448,16/08/2023 , 18:00:00,5784,4579.9
1449,16/08/2023 , 18:15:00,4745,3757.2
1450,16/08/2023 , 18:30:00,3615,2862.5
1451,16/08/2023 , 18:45:00,2714,2149
1452,16/08/2023 , 19:00:00,2053,1625.6
1453,16/08/2023 , 19:15:00,1330,1053.1
1454,16/08/2023 , 19:30:00,900,712.6
1455,16/08/2023 , 19:45:00,498,394.3
1456,16/08/2023 , 20:00:00,196,155.2
1457,16/08/2023 , 20:15:00,38,30.1
1458,16/08/2023 , 20:30:00,1,0.8
1459,16/08/2023 , 20:45:00,0,0
1460,16/08/2023 , 21:00:00,0,0
1461,16/08/2023 , 21:15:00,0,0
1462,16/08/2023 , 21:30:00,0,0
1463,16/08/2023 , 21:45:00,0,0
1464,16/08/2023 , 22:00:00,0,0
1465,16/08/2023 , 22:15:00,0,0
1466,16/08/2023 , 22:30:00,0,0
1467,16/08/2023 , 22:45:00,0,0
1468,16/08/2023 , 23:00:00,0,0
1469,16/08/2023 , 23:15:00,0,0
1470,16/08/2023 , 23:30:00,0,0
1471,16/08/2023 , 23:45:00,0,0
1472,16/08/2023 , 24:00:00,0,0
1473,17/08/2023 , 00:15:00,0,0
1474,17/08/2023 , 00:30:00,0,0
1475,17/08/2023 , 00:45:00,0,0
1476,17/08/2023 , 01:00:00,0,0
1477,17/08/2023 , 01:15:00,0,0
1478,17/08/2023 , 01:30:00,0,0
1479,17/08/2023 , 01:45:00,0,0
1480,17/08/2023 , 02:00:00,0,0
1481,17/08/2023 , 02:15:00,0,0
1482,17/08/2023 , 02:30:00,0,0
1483,17/08/2023 , 02:45:00,0,0
1484,17/08/2023 , 03:00:00,0,0
1485,17/08/2023 , 03:15:00,0,0
1486,17/08/2023 , 03:30:00,0,0
1487,17/08/2023 , 03:45:00,0,0
1488,17/08/2023 , 04:00:00,0,0
1489,17/08/2023 , 04:15:00,0,0
1490,17/08/2023 , 04:30:00,0,0
1491,17/08/2023 , 04:45:00,0,0
1492,17/08/2023 , 05:00:00,0,0
1493,17/08/2023 , 05:15:00,0,0
1494,17/08/2023 , 05:30:00,0,0
1495,17/08/2023 , 05:45:00,0,0
1496,17/08/2023 , 06:00:00,0,0
1497,17/08/2023 , 06:15:00,0,0
1498,17/08/2023 , 06:30:00,0,0
1499,17/08/2023 , 06:45:00,43,34
1500,17/08/2023 , 07:00:00,208,164.7
1501,17/08/2023 , 07:15:00,481,380.9
1502,17/08/2023 , 07:30:00,899,711.9
1503,17/08/2023 , 07:45:00,1350,1069
1504,17/08/2023 , 08:00:00,1994,1578.9
1505,17/08/2023 , 08:15:00,2528,2001.7
1506,17/08/2023 , 08:30:00,3518,2785.7
1507,17/08/2023 , 08:45:00,4321,3421.5
1508,17/08/2023 , 09:00:00,5139,4069.2
1509,17/08/2023 , 09:15:00,5984,4738.3
1510,17/08/2023 , 09:30:00,6875,5443.8
1511,17/08/2023 , 09:45:00,7769,6151.7
1512,17/08/2023 , 10:00:00,8754,6931.7
1513,17/08/2023 , 10:15:00,10059,7965
1514,17/08/2023 , 10:30:00,9789,7751.2
1515,17/08/2023 , 10:45:00,9814,7771
1516,17/08/2023 , 11:00:00,8647,6846.9
1517,17/08/2023 , 11:15:00,13404,10613.7
1518,17/08/2023 , 11:30:00,14731,11664.4
1519,17/08/2023 , 11:45:00,15223,12054
1520,17/08/2023 , 12:00:00,15179,12019.2
1521,17/08/2023 , 12:15:00,15723,12449.9
1522,17/08/2023 , 12:30:00,16828,13324.9
1523,17/08/2023 , 12:45:00,15752,12472.9
1524,17/08/2023 , 13:00:00,15008,11883.8
1525,17/08/2023 , 13:15:00,14944,11833.1
1526,17/08/2023 , 13:30:00,16708,13229.9
1527,17/08/2023 , 13:45:00,12056,9546.3
1528,17/08/2023 , 14:00:00,14606,11565.5
1529,17/08/2023 , 14:15:00,15565,12324.8
1530,17/08/2023 , 14:30:00,14328,11345.3
1531,17/08/2023 , 14:45:00,18532,14674.2
1532,17/08/2023 , 15:00:00,17334,13725.6
1533,17/08/2023 , 15:15:00,16720,13239.4
1534,17/08/2023 , 15:30:00,16099,12747.7
1535,17/08/2023 , 15:45:00,15469,12248.8
1536,17/08/2023 , 16:00:00,14483,11468.1
1537,17/08/2023 , 16:15:00,13223,10470.4
1538,17/08/2023 , 16:30:00,12628,9999.2
1539,17/08/2023 , 16:45:00,11367,9000.7
1540,17/08/2023 , 17:00:00,10524,8333.2
1541,17/08/2023 , 17:15:00,9494,7517.6
1542,17/08/2023 , 17:30:00,7717,6110.5
1543,17/08/2023 , 17:45:00,6730,5329
1544,17/08/2023 , 18:00:00,6052,4792.1
1545,17/08/2023 , 18:15:00,4530,3587
1546,17/08/2023 , 18:30:00,2948,2334.3
1547,17/08/2023 , 18:45:00,2763,2187.8
1548,17/08/2023 , 19:00:00,2198,1740.4
1549,17/08/2023 , 19:15:00,1509,1194.9
1550,17/08/2023 , 19:30:00,937,741.9
1551,17/08/2023 , 19:45:00,502,397.5
1552,17/08/2023 , 20:00:00,186,147.3
1553,17/08/2023 , 20:15:00,32,25.3
1554,17/08/2023 , 20:30:00,1,0.8
1555,17/08/2023 , 20:45:00,0,0
1556,17/08/2023 , 21:00:00,0,0
1557,17/08/2023 , 21:15:00,0,0
1558,17/08/2023 , 21:30:00,0,0
1559,17/08/2023 , 21:45:00,0,0
1560,17/08/2023 , 22:00:00,0,0
1561,17/08/2023 , 22:15:00,0,0
1562,17/08/2023 , 22:30:00,0,0
1563,17/08/2023 , 22:45:00,0,0
1564,17/08/2023 , 23:00:00,0,0
1565,17/08/2023 , 23:15:00,0,0
1566,17/08/2023 , 23:30:00,0,0
1567,17/08/2023 , 23:45:00,0,0
1568,17/08/2023 , 24:00:00,0,0
1569,18/08/2023 , 00:15:00,0,0
1570,18/08/2023 , 00:30:00,0,0
1571,18/08/2023 , 00:45:00,0,0
1572,18/08/2023 , 01:00:00,0,0
1573,18/08/2023 , 01:15:00,0,0
1574,18/08/2023 , 01:30:00,0,0
1575,18/08/2023 , 01:45:00,0,0
1576,18/08/2023 , 02:00:00,0,0
1577,18/08/2023 , 02:15:00,0,0
1578,18/08/2023 , 02:30:00,0,0
1579,18/08/2023 , 02:45:00,0,0
1580,18/08/2023 , 03:00:00,0,0
1581,18/08/2023 , 03:15:00,0,0
1582,18/08/2023 , 03:30:00,0,0
1583,18/08/2023 , 03:45:00,0,0
1584,18/08/2023 , 04:00:00,0,0
1585,18/08/2023 , 04:15:00,0,0
1586,18/08/2023 , 04:30:00,0,0
1587,18/08/2023 , 04:45:00,0,0
1588,18/08/2023 , 05:00:00,0,0
1589,18/08/2023 , 05:15:00,0,0
1590,18/08/2023 , 05:30:00,0,0
1591,18/08/2023 , 05:45:00,0,0
1592,18/08/2023 , 06:00:00,0,0
1593,18/08/2023 , 06:15:00,0,0
1594,18/08/2023 , 06:30:00,0,0
1595,18/08/2023 , 06:45:00,36,28.5
1596,18/08/2023 , 07:00:00,186,147.3
1597,18/08/2023 , 07:15:00,474,375.3
1598,18/08/2023 , 07:30:00,858,679.4
1599,18/08/2023 , 07:45:00,1383,1095.1
1600,18/08/2023 , 08:00:00,1947,1541.7
1601,18/08/2023 , 08:15:00,2629,2081.7
1602,18/08/2023 , 08:30:00,3352,2654.2
1603,18/08/2023 , 08:45:00,4096,3243.3
1604,18/08/2023 , 09:00:00,4948,3918
1605,18/08/2023 , 09:15:00,5771,4569.6
1606,18/08/2023 , 09:30:00,6784,5371.8
1607,18/08/2023 , 09:45:00,7441,5892
1608,18/08/2023 , 10:00:00,7874,6234.9
1609,18/08/2023 , 10:15:00,9249,7323.6
1610,18/08/2023 , 10:30:00,9847,7797.1
1611,18/08/2023 , 10:45:00,11491,9098.9
1612,18/08/2023 , 11:00:00,12238,9690.4
1613,18/08/2023 , 11:15:00,12111,9589.8
1614,18/08/2023 , 11:30:00,13555,10733.2
1615,18/08/2023 , 11:45:00,14418,11416.6
1616,18/08/2023 , 12:00:00,14996,11874.3
1617,18/08/2023 , 12:15:00,15700,12431.7
1618,18/08/2023 , 12:30:00,15985,12657.4
1619,18/08/2023 , 12:45:00,16356,12951.2
1620,18/08/2023 , 13:00:00,17179,13602.8
1621,18/08/2023 , 13:15:00,16808,13309.1
1622,18/08/2023 , 13:30:00,17083,13526.8
1623,18/08/2023 , 13:45:00,17407,13783.4
1624,18/08/2023 , 14:00:00,14611,11569.4
1625,18/08/2023 , 14:15:00,13246,10488.6
1626,18/08/2023 , 14:30:00,14335,11350.9
1627,18/08/2023 , 14:45:00,14197,11241.6
1628,18/08/2023 , 15:00:00,12901,10215.4
1629,18/08/2023 , 15:15:00,12237,9689.6
1630,18/08/2023 , 15:30:00,15494,12268.6
1631,18/08/2023 , 15:45:00,10936,8659.4
1632,18/08/2023 , 16:00:00,13250,10491.7
1633,18/08/2023 , 16:15:00,12320,9755.3
1634,18/08/2023 , 16:30:00,11459,9073.6
1635,18/08/2023 , 16:45:00,10502,8315.8
1636,18/08/2023 , 17:00:00,9129,7228.6
1637,18/08/2023 , 17:15:00,8863,7018
1638,18/08/2023 , 17:30:00,7606,6022.6
1639,18/08/2023 , 17:45:00,6109,4837.3
1640,18/08/2023 , 18:00:00,5620,4450.1
1641,18/08/2023 , 18:15:00,4369,3459.5
1642,18/08/2023 , 18:30:00,3603,2853
1643,18/08/2023 , 18:45:00,2772,2194.9
1644,18/08/2023 , 19:00:00,2002,1585.2
1645,18/08/2023 , 19:15:00,1316,1042
1646,18/08/2023 , 19:30:00,833,659.6
1647,18/08/2023 , 19:45:00,445,352.4
1648,18/08/2023 , 20:00:00,163,129.1
1649,18/08/2023 , 20:15:00,24,19
1650,18/08/2023 , 20:30:00,0,0
1651,18/08/2023 , 20:45:00,0,0
1652,18/08/2023 , 21:00:00,0,0
1653,18/08/2023 , 21:15:00,0,0
1654,18/08/2023 , 21:30:00,0,0
1655,18/08/2023 , 21:45:00,0,0
1656,18/08/2023 , 22:00:00,0,0
1657,18/08/2023 , 22:15:00,0,0
1658,18/08/2023 , 22:30:00,0,0
1659,18/08/2023 , 22:45:00,0,0
1660,18/08/2023 , 23:00:00,0,0
1661,18/08/2023 , 23:15:00,0,0
1662,18/08/2023 , 23:30:00,0,0
1663,18/08/2023 , 23:45:00,0,0
1664,18/08/2023 , 24:00:00,0,0
1665,19/08/2023 , 00:15:00,0,0
1666,19/08/2023 , 00:30:00,0,0
1667,19/08/2023 , 00:45:00,0,0
1668,19/08/2023 , 01:00:00,0,0
1669,19/08/2023 , 01:15:00,0,0
1670,19/08/2023 , 01:30:00,0,0
1671,19/08/2023 , 01:45:00,0,0
1672,19/08/2023 , 02:00:00,0,0
1673,19/08/2023 , 02:15:00,0,0
1674,19/08/2023 , 02:30:00,0,0
1675,19/08/2023 , 02:45:00,0,0
1676,19/08/2023 , 03:00:00,0,0
1677,19/08/2023 , 03:15:00,0,0
1678,19/08/2023 , 03:30:00,0,0
1679,19/08/2023 , 03:45:00,0,0
1680,19/08/2023 , 04:00:00,0,0
1681,19/08/2023 , 04:15:00,0,0
1682,19/08/2023 , 04:30:00,0,0
1683,19/08/2023 , 04:45:00,0,0
1684,19/08/2023 , 05:00:00,0,0
1685,19/08/2023 , 05:15:00,0,0
1686,19/08/2023 , 05:30:00,0,0
1687,19/08/2023 , 05:45:00,0,0
1688,19/08/2023 , 06:00:00,0,0
1689,19/08/2023 , 06:15:00,0,0
1690,19/08/2023 , 06:30:00,0,0
1691,19/08/2023 , 06:45:00,32,25.3
1692,19/08/2023 , 07:00:00,176,139.4
1693,19/08/2023 , 07:15:00,451,357.1
1694,19/08/2023 , 07:30:00,802,635
1695,19/08/2023 , 07:45:00,1238,980.3
1696,19/08/2023 , 08:00:00,1893,1498.9
1697,19/08/2023 , 08:15:00,2524,1998.6
1698,19/08/2023 , 08:30:00,3212,2543.4
1699,19/08/2023 , 08:45:00,4031,3191.9
1700,19/08/2023 , 09:00:00,4762,3770.7
1701,19/08/2023 , 09:15:00,5842,4625.9
1702,19/08/2023 , 09:30:00,6657,5271.2
1703,19/08/2023 , 09:45:00,7468,5913.4
1704,19/08/2023 , 10:00:00,6895,5459.7
1705,19/08/2023 , 10:15:00,9169,7260.3
1706,19/08/2023 , 10:30:00,10143,8031.5
1707,19/08/2023 , 10:45:00,10955,8674.5
1708,19/08/2023 , 11:00:00,9532,7547.7
1709,19/08/2023 , 11:15:00,12163,9631
1710,19/08/2023 , 11:30:00,12908,10220.9
1711,19/08/2023 , 11:45:00,13293,10525.8
1712,19/08/2023 , 12:00:00,14234,11270.9
1713,19/08/2023 , 12:15:00,14807,11724.6
1714,19/08/2023 , 12:30:00,14785,11707.2
1715,19/08/2023 , 12:45:00,14492,11475.2
1716,19/08/2023 , 13:00:00,15911,12598.8
1717,19/08/2023 , 13:15:00,16751,13263.9
1718,19/08/2023 , 13:30:00,16889,13373.2
1719,19/08/2023 , 13:45:00,16853,13344.7
1720,19/08/2023 , 14:00:00,16923,13400.1
1721,19/08/2023 , 14:15:00,16888,13372.4
1722,19/08/2023 , 14:30:00,16702,13225.1
1723,19/08/2023 , 14:45:00,16450,13025.6
1724,19/08/2023 , 15:00:00,16042,12702.5
1725,19/08/2023 , 15:15:00,15605,12356.5
1726,19/08/2023 , 15:30:00,15055,11921
1727,19/08/2023 , 15:45:00,14363,11373
1728,19/08/2023 , 16:00:00,13558,10735.6
1729,19/08/2023 , 16:15:00,12683,10042.8
1730,19/08/2023 , 16:30:00,11686,9253.3
1731,19/08/2023 , 16:45:00,10719,8487.6
1732,19/08/2023 , 17:00:00,9670,7657
1733,19/08/2023 , 17:15:00,8664,6860.4
1734,19/08/2023 , 17:30:00,7671,6074.1
1735,19/08/2023 , 17:45:00,6693,5299.7
1736,19/08/2023 , 18:00:00,5668,4488.1
1737,19/08/2023 , 18:15:00,4620,3658.2
1738,19/08/2023 , 18:30:00,3690,2921.8
1739,19/08/2023 , 18:45:00,2856,2261.5
1740,19/08/2023 , 19:00:00,2050,1623.2
1741,19/08/2023 , 19:15:00,1391,1101.4
1742,19/08/2023 , 19:30:00,848,671.5
1743,19/08/2023 , 19:45:00,418,331
1744,19/08/2023 , 20:00:00,128,101.4
1745,19/08/2023 , 20:15:00,20,15.8
1746,19/08/2023 , 20:30:00,0,0
1747,19/08/2023 , 20:45:00,0,0
1748,19/08/2023 , 21:00:00,0,0
1749,19/08/2023 , 21:15:00,0,0
1750,19/08/2023 , 21:30:00,0,0
1751,19/08/2023 , 21:45:00,0,0
1752,19/08/2023 , 22:00:00,0,0
1753,19/08/2023 , 22:15:00,0,0
1754,19/08/2023 , 22:30:00,0,0
1755,19/08/2023 , 22:45:00,0,0
1756,19/08/2023 , 23:00:00,0,0
1757,19/08/2023 , 23:15:00,0,0
1758,19/08/2023 , 23:30:00,0,0
1759,19/08/2023 , 23:45:00,0,0
1760,19/08/2023 , 24:00:00,0,0
1761,20/08/2023 , 00:15:00,0,0
1762,20/08/2023 , 00:30:00,0,0
1763,20/08/2023 , 00:45:00,0,0
1764,20/08/2023 , 01:00:00,0,0
1765,20/08/2023 , 01:15:00,0,0
1766,20/08/2023 , 01:30:00,0,0
1767,20/08/2023 , 01:45:00,0,0
1768,20/08/2023 , 02:00:00,0,0
1769,20/08/2023 , 02:15:00,0,0
1770,20/08/2023 , 02:30:00,0,0
1771,20/08/2023 , 02:45:00,0,0
1772,20/08/2023 , 03:00:00,0,0
1773,20/08/2023 , 03:15:00,0,0
1774,20/08/2023 , 03:30:00,0,0
1775,20/08/2023 , 03:45:00,0,0
1776,20/08/2023 , 04:00:00,0,0
1777,20/08/2023 , 04:15:00,0,0
1778,20/08/2023 , 04:30:00,0,0
1779,20/08/2023 , 04:45:00,0,0
1780,20/08/2023 , 05:00:00,0,0
1781,20/08/2023 , 05:15:00,0,0
1782,20/08/2023 , 05:30:00,0,0
1783,20/08/2023 , 05:45:00,0,0
1784,20/08/2023 , 06:00:00,0,0
1785,20/08/2023 , 06:15:00,0,0
1786,20/08/2023 , 06:30:00,0,0
1787,20/08/2023 , 06:45:00,31,24.5
1788,20/08/2023 , 07:00:00,201,159.2
1789,20/08/2023 , 07:15:00,541,428.4
1790,20/08/2023 , 07:30:00,1012,801.3
1791,20/08/2023 , 07:45:00,1415,1120.4
1792,20/08/2023 , 08:00:00,2009,1590.8
1793,20/08/2023 , 08:15:00,1847,1462.5
1794,20/08/2023 , 08:30:00,2274,1800.6
1795,20/08/2023 , 08:45:00,4847,3838
1796,20/08/2023 , 09:00:00,4361,3453.2
1797,20/08/2023 , 09:15:00,5795,4588.6
1798,20/08/2023 , 09:30:00,6871,5440.7
1799,20/08/2023 , 09:45:00,7709,6104.2
1800,20/08/2023 , 10:00:00,8606,6814.5
1801,20/08/2023 , 10:15:00,9488,7512.9
1802,20/08/2023 , 10:30:00,10578,8376
1803,20/08/2023 , 10:45:00,11540,9137.7
1804,20/08/2023 , 11:00:00,11741,9296.9
1805,20/08/2023 , 11:15:00,10437,8264.3
1806,20/08/2023 , 11:30:00,13061,10342.1
1807,20/08/2023 , 11:45:00,14426,11422.9
1808,20/08/2023 , 12:00:00,15077,11938.4
1809,20/08/2023 , 12:15:00,14834,11746
1810,20/08/2023 , 12:30:00,15084,11943.9
1811,20/08/2023 , 12:45:00,15792,12504.6
1812,20/08/2023 , 13:00:00,15213,12046.1
1813,20/08/2023 , 13:15:00,15562,12322.4
1814,20/08/2023 , 13:30:00,15731,12456.3
1815,20/08/2023 , 13:45:00,15470,12249.6
1816,20/08/2023 , 14:00:00,15923,12608.3
1817,20/08/2023 , 14:15:00,15922,12607.5
1818,20/08/2023 , 14:30:00,15929,12613
1819,20/08/2023 , 14:45:00,15634,12379.5
1820,20/08/2023 , 15:00:00,15513,12283.6
1821,20/08/2023 , 15:15:00,14630,11584.5
1822,20/08/2023 , 15:30:00,14151,11205.2
1823,20/08/2023 , 15:45:00,13690,10840.1
1824,20/08/2023 , 16:00:00,12970,10270
1825,20/08/2023 , 16:15:00,11802,9345.2
1826,20/08/2023 , 16:30:00,11143,8823.3
1827,20/08/2023 , 16:45:00,10326,8176.4
1828,20/08/2023 , 17:00:00,9512,7531.9
1829,20/08/2023 , 17:15:00,7981,6319.6
1830,20/08/2023 , 17:30:00,7859,6223
1831,20/08/2023 , 17:45:00,6951,5504
1832,20/08/2023 , 18:00:00,5893,4666.2
1833,20/08/2023 , 18:15:00,4840,3832.5
1834,20/08/2023 , 18:30:00,4035,3195
1835,20/08/2023 , 18:45:00,3074,2434.1
1836,20/08/2023 , 19:00:00,2238,1772.1
1837,20/08/2023 , 19:15:00,1470,1164
1838,20/08/2023 , 19:30:00,1056,836.2
1839,20/08/2023 , 19:45:00,604,478.3
1840,20/08/2023 , 20:00:00,183,144.9
1841,20/08/2023 , 20:15:00,12,9.5
1842,20/08/2023 , 20:30:00,0,0
1843,20/08/2023 , 20:45:00,0,0
1844,20/08/2023 , 21:00:00,0,0
1845,20/08/2023 , 21:15:00,0,0
1846,20/08/2023 , 21:30:00,0,0
1847,20/08/2023 , 21:45:00,0,0
1848,20/08/2023 , 22:00:00,0,0
1849,20/08/2023 , 22:15:00,0,0
1850,20/08/2023 , 22:30:00,0,0
1851,20/08/2023 , 22:45:00,0,0
1852,20/08/2023 , 23:00:00,0,0
1853,20/08/2023 , 23:15:00,0,0
1854,20/08/2023 , 23:30:00,0,0
1855,20/08/2023 , 23:45:00,0,0
1856,20/08/2023 , 24:00:00,0,0
1857,21/08/2023 , 00:15:00,0,0
1858,21/08/2023 , 00:30:00,0,0
1859,21/08/2023 , 00:45:00,0,0
1860,21/08/2023 , 01:00:00,0,0
1861,21/08/2023 , 01:15:00,0,0
1862,21/08/2023 , 01:30:00,0,0
1863,21/08/2023 , 01:45:00,0,0
1864,21/08/2023 , 02:00:00,0,0
1865,21/08/2023 , 02:15:00,0,0
1866,21/08/2023 , 02:30:00,0,0
1867,21/08/2023 , 02:45:00,0,0
1868,21/08/2023 , 03:00:00,0,0
1869,21/08/2023 , 03:15:00,0,0
1870,21/08/2023 , 03:30:00,0,0
1871,21/08/2023 , 03:45:00,0,0
1872,21/08/2023 , 04:00:00,0,0
1873,21/08/2023 , 04:15:00,0,0
1874,21/08/2023 , 04:30:00,0,0
1875,21/08/2023 , 04:45:00,0,0
1876,21/08/2023 , 05:00:00,0,0
1877,21/08/2023 , 05:15:00,0,0
1878,21/08/2023 , 05:30:00,0,0
1879,21/08/2023 , 05:45:00,0,0
1880,21/08/2023 , 06:00:00,0,0
1881,21/08/2023 , 06:15:00,0,0
1882,21/08/2023 , 06:30:00,0,0
1883,21/08/2023 , 06:45:00,7,5.5
1884,21/08/2023 , 07:00:00,83,65.7
1885,21/08/2023 , 07:15:00,271,214.6
1886,21/08/2023 , 07:30:00,600,475.1
1887,21/08/2023 , 07:45:00,1013,802.1
1888,21/08/2023 , 08:00:00,1735,1373.8
1889,21/08/2023 , 08:15:00,3669,2905.2
1890,21/08/2023 , 08:30:00,3366,2665.3
1891,21/08/2023 , 08:45:00,2965,2347.8
1892,21/08/2023 , 09:00:00,5208,4123.8
1893,21/08/2023 , 09:15:00,6698,5303.7
1894,21/08/2023 , 09:30:00,5772,4570.4
1895,21/08/2023 , 09:45:00,5849,4631.4
1896,21/08/2023 , 10:00:00,8449,6690.2
1897,21/08/2023 , 10:15:00,7838,6206.4
1898,21/08/2023 , 10:30:00,9833,7786.1
1899,21/08/2023 , 10:45:00,10705,8476.5
1900,21/08/2023 , 11:00:00,11404,9030
1901,21/08/2023 , 11:15:00,12113,9591.4
1902,21/08/2023 , 11:30:00,11736,9292.9
1903,21/08/2023 , 11:45:00,13113,10383.3
1904,21/08/2023 , 12:00:00,14126,11185.4
1905,21/08/2023 , 12:15:00,14974,11856.8
1906,21/08/2023 , 12:30:00,15357,12160.1
1907,21/08/2023 , 12:45:00,15593,12347
1908,21/08/2023 , 13:00:00,14182,11229.7
1909,21/08/2023 , 13:15:00,15796,12507.7
1910,21/08/2023 , 13:30:00,15390,12186.2
1911,21/08/2023 , 13:45:00,15134,11983.5
1912,21/08/2023 , 14:00:00,15107,11962.2
1913,21/08/2023 , 14:15:00,15802,12512.5
1914,21/08/2023 , 14:30:00,15877,12571.9
1915,21/08/2023 , 14:45:00,15973,12647.9
1916,21/08/2023 , 15:00:00,9263,7334.7
1917,21/08/2023 , 15:15:00,1830,1449
1918,21/08/2023 , 15:30:00,2381,1885.3
1919,21/08/2023 , 15:45:00,1679,1329.5
1920,21/08/2023 , 16:00:00,2062,1632.8
1921,21/08/2023 , 16:15:00,2962,2345.4
1922,21/08/2023 , 16:30:00,3390,2684.3
1923,21/08/2023 , 16:45:00,2994,2370.7
1924,21/08/2023 , 17:00:00,3170,2510.1
1925,21/08/2023 , 17:15:00,2061,1632
1926,21/08/2023 , 17:30:00,1267,1003.2
1927,21/08/2023 , 17:45:00,1132,896.4
1928,21/08/2023 , 18:00:00,1032,817.2
1929,21/08/2023 , 18:15:00,1030,815.6
1930,21/08/2023 , 18:30:00,950,752.2
1931,21/08/2023 , 18:45:00,923,730.9
1932,21/08/2023 , 19:00:00,939,743.5
1933,21/08/2023 , 19:15:00,828,655.6
1934,21/08/2023 , 19:30:00,583,461.6
1935,21/08/2023 , 19:45:00,280,221.7
1936,21/08/2023 , 20:00:00,99,78.4
1937,21/08/2023 , 20:15:00,11,8.7
1938,21/08/2023 , 20:30:00,0,0
1939,21/08/2023 , 20:45:00,0,0
1940,21/08/2023 , 21:00:00,0,0
1941,21/08/2023 , 21:15:00,0,0
1942,21/08/2023 , 21:30:00,0,0
1943,21/08/2023 , 21:45:00,0,0
1944,21/08/2023 , 22:00:00,0,0
1945,21/08/2023 , 22:15:00,0,0
1946,21/08/2023 , 22:30:00,0,0
1947,21/08/2023 , 22:45:00,0,0
1948,21/08/2023 , 23:00:00,0,0
1949,21/08/2023 , 23:15:00,0,0
1950,21/08/2023 , 23:30:00,0,0
1951,21/08/2023 , 23:45:00,0,0
1952,21/08/2023 , 24:00:00,0,0
1953,22/08/2023 , 00:15:00,0,0
1954,22/08/2023 , 00:30:00,0,0
1955,22/08/2023 , 00:45:00,0,0
1956,22/08/2023 , 01:00:00,0,0
1957,22/08/2023 , 01:15:00,0,0
1958,22/08/2023 , 01:30:00,0,0
1959,22/08/2023 , 01:45:00,0,0
1960,22/08/2023 , 02:00:00,0,0
1961,22/08/2023 , 02:15:00,0,0
1962,22/08/2023 , 02:30:00,0,0
1963,22/08/2023 , 02:45:00,0,0
1964,22/08/2023 , 03:00:00,0,0
1965,22/08/2023 , 03:15:00,0,0
1966,22/08/2023 , 03:30:00,0,0
1967,22/08/2023 , 03:45:00,0,0
1968,22/08/2023 , 04:00:00,0,0
1969,22/08/2023 , 04:15:00,0,0
1970,22/08/2023 , 04:30:00,0,0
1971,22/08/2023 , 04:45:00,0,0
1972,22/08/2023 , 05:00:00,0,0
1973,22/08/2023 , 05:15:00,0,0
1974,22/08/2023 , 05:30:00,0,0
1975,22/08/2023 , 05:45:00,0,0
1976,22/08/2023 , 06:00:00,0,0
1977,22/08/2023 , 06:15:00,0,0
1978,22/08/2023 , 06:30:00,0,0
1979,22/08/2023 , 06:45:00,24,19
1980,22/08/2023 , 07:00:00,176,139.4
1981,22/08/2023 , 07:15:00,490,388
1982,22/08/2023 , 07:30:00,942,745.9
1983,22/08/2023 , 07:45:00,1509,1194.9
1984,22/08/2023 , 08:00:00,2193,1736.5
1985,22/08/2023 , 08:15:00,2952,2337.5
1986,22/08/2023 , 08:30:00,3766,2982
1987,22/08/2023 , 08:45:00,4677,3703.4
1988,22/08/2023 , 09:00:00,5585,4422.4
1989,22/08/2023 , 09:15:00,6329,5011.5
1990,22/08/2023 , 09:30:00,7170,5677.4
1991,22/08/2023 , 09:45:00,6318,5002.8
1992,22/08/2023 , 10:00:00,5910,4679.7
1993,22/08/2023 , 10:15:00,9174,7264.2
1994,22/08/2023 , 10:30:00,11670,9240.6
1995,22/08/2023 , 10:45:00,12282,9725.2
1996,22/08/2023 , 11:00:00,8899,7046.5
1997,22/08/2023 , 11:15:00,2040,1615.3
1998,22/08/2023 , 11:30:00,1967,1557.5
1999,22/08/2023 , 11:45:00,2690,2130
2000,22/08/2023 , 12:00:00,2299,1820.4
2001,22/08/2023 , 12:15:00,2005,1587.6
2002,22/08/2023 , 12:30:00,2728,2160.1
2003,22/08/2023 , 12:45:00,4559,3609.9
2004,22/08/2023 , 13:00:00,11271,8924.7
2005,22/08/2023 , 13:15:00,3621,2867.2
2006,22/08/2023 , 13:30:00,4260,3373.2
2007,22/08/2023 , 13:45:00,7140,5653.7
2008,22/08/2023 , 14:00:00,9169,7260.3
2009,22/08/2023 , 14:15:00,8085,6401.9
2010,22/08/2023 , 14:30:00,15268,12089.6
2011,22/08/2023 , 14:45:00,16386,12974.9
2012,22/08/2023 , 15:00:00,14179,11227.3
2013,22/08/2023 , 15:15:00,14901,11799
2014,22/08/2023 , 15:30:00,13170,10428.4
2015,22/08/2023 , 15:45:00,10762,8521.7
2016,22/08/2023 , 16:00:00,12998,10292.2
2017,22/08/2023 , 16:15:00,12193,9654.8
2018,22/08/2023 , 16:30:00,11151,8829.7
2019,22/08/2023 , 16:45:00,10302,8157.4
2020,22/08/2023 , 17:00:00,9337,7393.3
2021,22/08/2023 , 17:15:00,8446,6687.8
2022,22/08/2023 , 17:30:00,7470,5915
2023,22/08/2023 , 17:45:00,6477,5128.7
2024,22/08/2023 , 18:00:00,5517,4368.5
2025,22/08/2023 , 18:15:00,4575,3622.6
2026,22/08/2023 , 18:30:00,3709,2936.9
2027,22/08/2023 , 18:45:00,2864,2267.8
2028,22/08/2023 , 19:00:00,2056,1628
2029,22/08/2023 , 19:15:00,1361,1077.7
2030,22/08/2023 , 19:30:00,803,635.8
2031,22/08/2023 , 19:45:00,386,305.6
2032,22/08/2023 , 20:00:00,122,96.6
2033,22/08/2023 , 20:15:00,13,10.3
2034,22/08/2023 , 20:30:00,0,0
2035,22/08/2023 , 20:45:00,0,0
2036,22/08/2023 , 21:00:00,0,0
2037,22/08/2023 , 21:15:00,0,0
2038,22/08/2023 , 21:30:00,0,0
2039,22/08/2023 , 21:45:00,0,0
2040,22/08/2023 , 22:00:00,0,0
2041,22/08/2023 , 22:15:00,0,0
2042,22/08/2023 , 22:30:00,0,0
2043,22/08/2023 , 22:45:00,0,0
2044,22/08/2023 , 23:00:00,0,0
2045,22/08/2023 , 23:15:00,0,0
2046,22/08/2023 , 23:30:00,0,0
2047,22/08/2023 , 23:45:00,0,0
2048,22/08/2023 , 24:00:00,0,0
2049,23/08/2023 , 00:15:00,0,0
2050,23/08/2023 , 00:30:00,0,0
2051,23/08/2023 , 00:45:00,0,0
2052,23/08/2023 , 01:00:00,0,0
2053,23/08/2023 , 01:15:00,0,0
2054,23/08/2023 , 01:30:00,0,0
2055,23/08/2023 , 01:45:00,0,0
2056,23/08/2023 , 02:00:00,0,0
2057,23/08/2023 , 02:15:00,0,0
2058,23/08/2023 , 02:30:00,0,0
2059,23/08/2023 , 02:45:00,0,0
2060,23/08/2023 , 03:00:00,0,0
2061,23/08/2023 , 03:15:00,0,0
2062,23/08/2023 , 03:30:00,0,0
2063,23/08/2023 , 03:45:00,0,0
2064,23/08/2023 , 04:00:00,0,0
2065,23/08/2023 , 04:15:00,0,0
2066,23/08/2023 , 04:30:00,0,0
2067,23/08/2023 , 04:45:00,0,0
2068,23/08/2023 , 05:00:00,0,0
2069,23/08/2023 , 05:15:00,0,0
2070,23/08/2023 , 05:30:00,0,0
2071,23/08/2023 , 05:45:00,0,0
2072,23/08/2023 , 06:00:00,0,0
2073,23/08/2023 , 06:15:00,0,0
2074,23/08/2023 , 06:30:00,0,0
2075,23/08/2023 , 06:45:00,25,19.8
2076,23/08/2023 , 07:00:00,201,159.2
2077,23/08/2023 , 07:15:00,863,683.3
2078,23/08/2023 , 07:30:00,1255,993.7
2079,23/08/2023 , 07:45:00,2196,1738.9
2080,23/08/2023 , 08:00:00,2011,1592.4
2081,23/08/2023 , 08:15:00,1422,1126
2082,23/08/2023 , 08:30:00,3374,2671.6
2083,23/08/2023 , 08:45:00,4830,3824.5
2084,23/08/2023 , 09:00:00,4279,3388.2
2085,23/08/2023 , 09:15:00,4812,3810.3
2086,23/08/2023 , 09:30:00,7149,5660.8
2087,23/08/2023 , 09:45:00,7859,6223
2088,23/08/2023 , 10:00:00,8850,7007.7
2089,23/08/2023 , 10:15:00,9806,7764.7
2090,23/08/2023 , 10:30:00,10674,8452
2091,23/08/2023 , 10:45:00,11515,9117.9
2092,23/08/2023 , 11:00:00,8860,7015.6
2093,23/08/2023 , 11:15:00,8478,6713.1
2094,23/08/2023 , 11:30:00,26703,21144.2
2095,23/08/2023 , 11:45:00,25119,19889.9
2096,23/08/2023 , 12:00:00,25175,19934.3
2097,23/08/2023 , 12:15:00,14344,11358
2098,23/08/2023 , 12:30:00,2977,2357.3
2099,23/08/2023 , 12:45:00,16546,13101.6
2100,23/08/2023 , 13:00:00,52307,41418.2
2101,23/08/2023 , 13:15:00,25270,20009.5
2102,23/08/2023 , 13:30:00,0,0
2103,23/08/2023 , 13:45:00,2,1.6
2104,23/08/2023 , 14:00:00,0,0
2105,23/08/2023 , 14:15:00,7,5.5
2106,23/08/2023 , 14:30:00,29,23
2107,23/08/2023 , 14:45:00,28,22.2
2108,23/08/2023 , 15:00:00,29,23
2109,23/08/2023 , 15:15:00,864,684.1
2110,23/08/2023 , 15:30:00,3415,2704.1
2111,23/08/2023 , 15:45:00,2961,2344.6
2112,23/08/2023 , 16:00:00,2958,2342.2
2113,23/08/2023 , 16:15:00,3145,2490.3
2114,23/08/2023 , 16:30:00,602,476.7
2115,23/08/2023 , 16:45:00,8,6.3
2116,23/08/2023 , 17:00:00,7,5.5
2117,23/08/2023 , 17:15:00,6,4.8
2118,23/08/2023 , 17:30:00,0,0
2119,23/08/2023 , 17:45:00,0,0
2120,23/08/2023 , 18:00:00,0,0
2121,23/08/2023 , 18:15:00,0,0
2122,23/08/2023 , 18:30:00,0,0
2123,23/08/2023 , 18:45:00,0,0
2124,23/08/2023 , 19:00:00,0,0
2125,23/08/2023 , 19:15:00,0,0
2126,23/08/2023 , 19:30:00,0,0
2127,23/08/2023 , 19:45:00,0,0
2128,23/08/2023 , 20:00:00,0,0
2129,23/08/2023 , 20:15:00,0,0
2130,23/08/2023 , 20:30:00,0,0
2131,23/08/2023 , 20:45:00,0,0
2132,23/08/2023 , 21:00:00,0,0
2133,23/08/2023 , 21:15:00,0,0
2134,23/08/2023 , 21:30:00,0,0
2135,23/08/2023 , 21:45:00,0,0
2136,23/08/2023 , 22:00:00,0,0
2137,23/08/2023 , 22:15:00,0,0
2138,23/08/2023 , 22:30:00,0,0
2139,23/08/2023 , 22:45:00,0,0
2140,23/08/2023 , 23:00:00,0,0
2141,23/08/2023 , 23:15:00,0,0
2142,23/08/2023 , 23:30:00,0,0
2143,23/08/2023 , 23:45:00,0,0
2144,23/08/2023 , 24:00:00,0,0
2145,24/08/2023 , 00:15:00,0,0
2146,24/08/2023 , 00:30:00,0,0
2147,24/08/2023 , 00:45:00,0,0
2148,24/08/2023 , 01:00:00,0,0
2149,24/08/2023 , 01:15:00,0,0
2150,24/08/2023 , 01:30:00,0,0
2151,24/08/2023 , 01:45:00,0,0
2152,24/08/2023 , 02:00:00,0,0
2153,24/08/2023 , 02:15:00,0,0
2154,24/08/2023 , 02:30:00,0,0
2155,24/08/2023 , 02:45:00,0,0
2156,24/08/2023 , 03:00:00,0,0
2157,24/08/2023 , 03:15:00,0,0
2158,24/08/2023 , 03:30:00,0,0
2159,24/08/2023 , 03:45:00,0,0
2160,24/08/2023 , 04:00:00,0,0
2161,24/08/2023 , 04:15:00,0,0
2162,24/08/2023 , 04:30:00,0,0
2163,24/08/2023 , 04:45:00,0,0
2164,24/08/2023 , 05:00:00,0,0
2165,24/08/2023 , 05:15:00,0,0
2166,24/08/2023 , 05:30:00,0,0
2167,24/08/2023 , 05:45:00,0,0
2168,24/08/2023 , 06:00:00,0,0
2169,24/08/2023 , 06:15:00,0,0
2170,24/08/2023 , 06:30:00,0,0
2171,24/08/2023 , 06:45:00,0,0
2172,24/08/2023 , 07:00:00,0,0
2173,24/08/2023 , 07:15:00,0,0
2174,24/08/2023 , 07:30:00,0,0
2175,24/08/2023 , 07:45:00,0,0
2176,24/08/2023 , 08:00:00,0,0
2177,24/08/2023 , 08:15:00,0,0
2178,24/08/2023 , 08:30:00,0,0
2179,24/08/2023 , 08:45:00,10,7.9
2180,24/08/2023 , 09:00:00,0,0
2181,24/08/2023 , 09:15:00,0,0
2182,24/08/2023 , 09:30:00,0,0
2183,24/08/2023 , 09:45:00,0,0
2184,24/08/2023 , 10:00:00,0,0
2185,24/08/2023 , 10:15:00,0,0
2186,24/08/2023 , 10:30:00,0,0
2187,24/08/2023 , 10:45:00,0,0
2188,24/08/2023 , 11:00:00,0,0
2189,24/08/2023 , 11:15:00,0,0
2190,24/08/2023 , 11:30:00,0,0
2191,24/08/2023 , 11:45:00,0,0
2192,24/08/2023 , 12:00:00,0,0
2193,24/08/2023 , 12:15:00,0,0
2194,24/08/2023 , 12:30:00,0,0
2195,24/08/2023 , 12:45:00,1,0.8
2196,24/08/2023 , 13:00:00,2,1.6
2197,24/08/2023 , 13:15:00,3,2.4
2198,24/08/2023 , 13:30:00,3,2.4
2199,24/08/2023 , 13:45:00,2,1.6
2200,24/08/2023 , 14:00:00,5,4
2201,24/08/2023 , 14:15:00,4,3.2
2202,24/08/2023 , 14:30:00,8,6.3
2203,24/08/2023 , 14:45:00,26,20.6
2204,24/08/2023 , 15:00:00,65,51.5
2205,24/08/2023 , 15:15:00,2243,1776.1
