Date,Experiment,Run,Run_total,colony_id,Species,Site,Tank,Chamber,Channel,Chamber_vol,Light_start,Light_stop,Light_temp,Dark_start,Dark_stop,Dark_temp,Light_level,Surface_area
20220928,Patch-rim,1,1,PAST-B0646,PAST,BB,1,1,1,582,12:37:00,12:57:00,29.2,13:02:00,13:22:00,29.2,125+3,1919.095
20220928,Thermal,1,1,PAST-A1017,PAST,BB,1,2,2,598,12:37:00,12:57:00,29.2,13:02:00,13:22:00,29.2,125+3,890.416
20220928,Thermal,1,1,MCAV-B0809,MCAV,BB,1,3,3,587,12:37:00,12:57:00,29.2,13:02:00,13:22:00,29.2,125+3,977.399
20220928,Thermal,1,1,MCAV-A0821,MCAV,BB,1,4,4,593,12:37:00,12:57:00,29.2,13:02:00,13:22:00,29.2,125+3,1172.879
20220928,Patch-rim,1,1,PAST-A0964,PAST,HR,1,5,5,593,12:37:00,12:57:00,29.2,13:02:00,13:22:00,29.2,125+3,1310.391
20220928,Thermal,1,1,PAST-B0980,PAST,BB,1,6,6,558,12:37:00,12:57:00,29.2,13:02:00,13:22:00,29.2,125+3,1908.315
20220928,Thermal,1,1,DLAB-C0850,DLAB,BB,1,7,7,553,12:37:00,12:57:00,29.2,13:02:00,13:22:00,29.2,125+3,976.973
20220928,Thermal,1,1,DLAB-A1007,DLAB,BB,1,8,8,586,12:37:00,12:57:00,29.2,13:02:00,13:22:00,29.2,125+3,1262.629
20220928,Thermal,2,2,DLAB-E0897,DLAB,BB,4,1,1,586,14:45:00,15:05:00,NA,15:09:00,15:29:00,29,125+3,983.247
20220928,Patch-rim,2,2,PAST-C0237,PAST,HR,1,2,2,588,14:45:00,15:05:00,NA,15:09:00,15:29:00,29,125+3,1364.259
20220928,Thermal,2,2,BLNK-BL001,BLANK,BB,NA,3,3,620,14:45:00,15:05:00,NA,15:09:00,15:29:00,29,125+3,
20220928,Patch-rim,2,2,PAST-C0212,PAST,BB,1,4,4,578,14:45:00,15:05:00,NA,15:09:00,15:29:00,29,125+3,1781.612
20220928,Thermal,2,2,MCAV-C0836,MCAV,BB,4,5,5,586,14:45:00,15:05:00,NA,15:09:00,15:29:00,29,125+3,1421.388
20220928,Patch-rim,2,2,PAST-D0923,PAST,BB,1,6,6,571,14:45:00,15:05:00,NA,15:09:00,15:29:00,29,125+3,1647.025
20220928,Patch-rim,2,2,PAST-B1034,PAST,HR,1,7,7,574,14:45:00,15:05:00,NA,15:09:00,15:29:00,29,125+3,1131.583
20220928,Patch-rim,2,2,PAST-A0605,PAST,BB,1,8,8,597,14:45:00,15:05:00,NA,15:09:00,15:29:00,29,125+3,1511.66
20220928,Patch-rim,3,3,PAST-G0634,PAST,BB,4,1,1,585,16:26:00,16:46:00,29,16:50:00,17:10:00,29.1,125+3,1182.539
20220928,Thermal,3,3,PAST-D0979,PAST,BB,4,2,2,581,16:26:00,16:46:00,29,16:50:00,17:10:00,29.1,125+3,2072.638
20220928,Thermal,3,3,DLAB-D1026,DLAB,BB,4,3,3,593,16:26:00,16:46:00,29,16:50:00,17:10:00,29.1,125+3,556.815
20220928,Patch-rim,3,3,PAST-F0553,PAST,HR,4,4,4,585,16:26:00,16:46:00,29,16:50:00,17:10:00,29.1,125+3,1557.009
20220928,Patch-rim,3,3,PAST-E0877,PAST,BB,4,5,5,565,16:26:00,16:46:00,29,16:50:00,17:10:00,29.1,125+3,1131.147
20220928,Patch-rim,3,3,PAST-E0965,PAST,HR,4,6,6,574,16:26:00,16:46:00,29,16:50:00,17:10:00,29.1,125+3,1637.807
20220928,Thermal,3,3,MCAV-D0623,MCAV,BB,4,7,7,583,16:26:00,16:46:00,29,16:50:00,17:10:00,29.1,125+3,1199.351
20220928,Patch-rim,3,3,PAST-D0573,PAST,HR,4,8,8,580,16:26:00,16:46:00,29,16:50:00,17:10:00,29.1,125+3,1331.111
20220929,Thermal,1,4,DLAB-F0975,DLAB,BB,5,1,1,582,10:05:00,10:25:00,29.3,10:29:00,10:49:00,29.3,100+3,817.94
20220929,Patch-rim,1,4,PAST-H0883,PAST,HR,5,2,2,560,10:05:00,10:25:00,29.3,10:29:00,10:49:00,29.3,100+3,1865.161
20220929,Thermal,1,4,BLNK-BL002,BLANK,BB,NA,3,3,692,10:05:00,10:25:00,29.3,10:29:00,10:49:00,29.3,100+3,
20220929,Patch-rim,1,4,PAST-J0960,PAST,BB,5,4,4,582,10:05:00,10:25:00,29.3,10:29:00,10:49:00,29.3,100+3,1081.298
20220929,Thermal,1,4,MCAV-E1009,MCAV,BB,5,5,5,568,10:05:00,10:25:00,29.3,10:29:00,10:49:00,29.3,100+3,959.468
20220929,Patch-rim,1,4,PAST-H0918,PAST,BB,5,6,6,574,10:05:00,10:25:00,29.3,10:29:00,10:49:00,29.3,100+3,1554.153
20220929,Thermal,1,4,PAST-C0701,PAST,BB,4,7,7,563,10:05:00,10:25:00,29.3,10:29:00,10:49:00,29.3,100+3,1093.829
20220929,Patch-rim,1,4,PAST-F0537,PAST,BB,4,8,8,576,10:05:00,10:25:00,29.3,10:29:00,10:49:00,29.3,100+3,1282.426
20220929,Patch-rim,2,5,PAST-I0675,PAST,HR,5,1,1,582,12:47:00,13:17:00,29.2,13:20:00,13:40:00,29.3,100+3,1359.158
20220929,Thermal,2,5,MCAV-F0951,MCAV,BB,5,2,2,580,12:47:00,13:17:00,29.2,13:20:00,13:40:00,29.3,100+3,1333.215
20220929,Thermal,2,5,PAST-F0886,PAST,BB,5,3,3,596,12:47:00,13:17:00,29.2,13:20:00,13:40:00,29.3,100+3,1399.004
20220929,Thermal,2,5,PAST-E0906,PAST,BB,5,4,4,592,12:47:00,13:17:00,29.2,13:20:00,13:40:00,29.3,100+3,907.814
20220929,Patch-rim,2,5,PAST-G0799,PAST,HR,5,5,5,584,12:47:00,13:17:00,29.2,13:20:00,13:40:00,29.3,100+3,982.174
20220929,Patch-rim,2,5,PAST-I0793,PAST,BB,5,6,6,590,12:47:00,13:17:00,29.2,13:20:00,13:40:00,29.3,100+3,1296.436
20220929,Thermal,3,6,DLAB-D0934,DLAB,BB,2,1,1,586,15:20:00,15:40:00,28.8,15:44:00,16:04:00,29.1,100+3,1279.31
20220929,Patch-rim,3,6,PAST-F0565,PAST,HR,2,2,2,578,15:20:00,15:40:00,28.8,15:44:00,16:04:00,29.1,100+3,1382.92
20220929,Thermal,3,6,PAST-C0009,PAST,BB,2,3,3,590,15:20:00,15:40:00,28.8,15:44:00,16:04:00,29.1,100+3,1486.223
20220929,Patch-rim,3,6,PAST-G0716,PAST,BB,2,4,4,578,15:20:00,15:40:00,28.8,15:44:00,16:04:00,29.1,100+3,1217.037
20220929,Thermal,3,6,MCAV-C0615,MCAV,BB,2,5,5,584,15:20:00,15:40:00,28.8,15:44:00,16:04:00,29.1,100+3,1232.422
20220929,Thermal,3,6,MCAV-D0516,MCAV,BB,2,6,6,580,15:20:00,15:40:00,28.8,15:44:00,16:04:00,29.1,100+3,1158.181
20220929,Thermal,3,6,DLAB-E0022,DLAB,BB,2,7,7,558,15:20:00,15:40:00,28.8,15:44:00,16:04:00,29.1,100+3,962.903
20220929,Patch-rim,3,6,PAST-E1003,PAST,BB,2,8,8,572,15:20:00,15:40:00,28.8,15:44:00,16:04:00,29.1,100+3,1293.215
20220929,Thermal,4,7,DLAB-C0473,DLAB,BB,3,1,1,582,16:53:00,17:13:00,28.7,17:17:00,17:37:00,29.2,100+3,558.513
20220929,Thermal,4,7,MCAV-B0778,MCAV,BB,3,2,2,594,16:53:00,17:13:00,28.7,17:17:00,17:37:00,29.2,100+3,864.024
20220929,Thermal,4,7,PAST-D0650,PAST,BB,2,3,3,590,16:53:00,17:13:00,28.7,17:17:00,17:37:00,29.2,100+3,878.105
20220929,Patch-rim,4,7,PAST-C1004,PAST,BB,3,4,4,596,16:53:00,17:13:00,28.7,17:17:00,17:37:00,29.2,100+3,1028.347
20220929,Thermal,4,7,MCAV-B0324,MCAV,BB,3,5,5,570,16:53:00,17:13:00,28.7,17:17:00,17:37:00,29.2,100+3,607.286
20220929,Patch-rim,4,7,PAST-F0643,PAST,BB,2,6,6,590,16:53:00,17:13:00,28.7,17:17:00,17:37:00,29.2,100+3,1551.641
20220929,Patch-rim,4,7,PAST-E0589,PAST,HR,2,7,7,572,16:53:00,17:13:00,28.7,17:17:00,17:37:00,29.2,100+3,1220.383
20220929,Patch-rim,4,7,PAST-B0577,PAST,BB,3,8,8,592,16:53:00,17:13:00,28.7,17:17:00,17:37:00,29.2,100+3,1056.635
20220930,Patch-rim,1,8,PAST-H0813,PAST,HR,6,1,1,583,9:26:00,9:46:00,29.1,9:51:00,10:11:00,28.7,100+3,835.416
20220930,Patch-rim,1,8,PAST-D1023,PAST,HR,2,2,2,582,9:26:00,9:46:00,29.1,9:51:00,10:11:00,28.7,100+3,1832.46
20220930,Thermal,1,8,DLAB-A0907,DLAB,BB,3,3,3,586,9:26:00,9:46:00,29.1,9:51:00,10:11:00,28.7,100+3,2050.31
20220930,Patch-rim,1,8,PAST-C1018,PAST,HR,3,4,4,576,9:26:00,9:46:00,29.1,9:51:00,10:11:00,28.7,100+3,1275.578
20220930,Patch-rim,1,8,PAST-A0819,PAST,BB,3,5,5,568,9:26:00,9:46:00,29.1,9:51:00,10:11:00,28.7,100+3,1764.106
20220930,Patch-rim,1,8,PAST-A0963,PAST,HR,3,6,6,582,9:26:00,9:46:00,29.1,9:51:00,10:11:00,28.7,100+3,1786.199
20220930,Patch-rim,1,8,PAST-D0639,PAST,BB,3,7,7,546,9:26:00,9:46:00,29.1,9:51:00,10:11:00,28.7,100+3,2184.392
20220930,Thermal,1,8,MCAV-A0375,MCAV,BB,3,8,8,588,9:26:00,9:46:00,29.1,9:51:00,10:11:00,28.7,100+3,1076.266
20220930,Patch-rim,2,9,PAST-J0222,PAST,HR,6,1,1,582,12:59:00,13:19:00,29.2,13:22:00,13:42:00,29.2,100+3,1389.449
20220930,Patch-rim,2,9,PAST-I0688,PAST,BB,6,2,2,574,12:59:00,13:19:00,29.2,13:22:00,13:42:00,29.2,100+3,1864.089
20220930,Thermal,2,9,MCAV-F0644,MCAV,BB,6,3,3,586,12:59:00,13:19:00,29.2,13:22:00,13:42:00,29.2,100+3,1235.49
20220930,Thermal,2,9,BLNK-BL003,BLANK,BB,NA,4,4,612,12:59:00,13:19:00,29.2,13:22:00,13:42:00,29.2,100+3,
20220930,Patch-rim,2,9,PAST-B0787,PAST,HR,3,5,5,564,12:59:00,13:19:00,29.2,13:22:00,13:42:00,29.2,100+3,1100.26
20220930,Thermal,2,9,PAST-A0554,PAST,BB,3,6,6,582,12:59:00,13:19:00,29.2,13:22:00,13:42:00,29.2,100+3,1259.366
20220930,Patch-rim,2,9,PAST-H0465,PAST,BB,6,7,7,562,12:59:00,13:19:00,29.2,13:22:00,13:42:00,29.2,100+3,1490.058
20220930,Thermal,2,9,PAST-B0492,PAST,BB,3,8,8,582,12:59:00,13:19:00,29.2,13:22:00,13:42:00,29.2,100+3,1365.981
20220930,Thermal,3,10,DLAB-F0607,DLAB,BB,6,1,1,588,14:28:00,14:48:00,29,14:51:00,15:11:00,29.4,100+3,844.343
20220930,Patch-rim,3,10,PAST-I0832,PAST,HR,6,2,2,576,14:28:00,14:48:00,29,14:51:00,15:11:00,29.4,100+3,1561.03
20220930,Thermal,3,10,PAST-F0482,PAST,BB,6,3,3,550,14:28:00,14:48:00,29,14:51:00,15:11:00,29.4,100+3,1221.667
20220930,Thermal,3,10,MCAV-E0670,MCAV,BB,6,4,4,586,14:28:00,14:48:00,29,14:51:00,15:11:00,29.4,100+3,784.102
20220930,Patch-rim,3,10,PAST-J0848,PAST,BB,6,5,5,582,14:28:00,14:48:00,29,14:51:00,15:11:00,29.4,100+3,1136.275
20220930,Thermal,3,10,PAST-E0563,PAST,BB,6,6,6,590,14:28:00,14:48:00,29,14:51:00,15:11:00,29.4,100+3,1077.159
20220930,Patch-rim,3,10,PAST-G0613,PAST,HR,6,8,8,582,14:28:00,14:48:00,29,14:51:00,15:11:00,29.4,100+3,1066.958
20220930,Thermal,4,11,DLAB-IDL01,DLAB,BB,in-situ,1,1,576,16:12:00,16:32:00,27.3,16:34:00,16:54:00,27.1,100+3,980.035
20220930,Thermal,4,11,MCAV-IMC03,MCAV,BB,in-situ,2,2,595,16:12:00,16:32:00,27.3,16:34:00,16:54:00,27.1,100+3,693.968
20220930,Thermal,4,11,MCAV-IMC04,MCAV,BB,in-situ,3,3,602,16:12:00,16:32:00,27.3,16:34:00,16:54:00,27.1,100+3,474.422
20220930,Thermal,4,11,PAST-IPA02,PAST,BB,in-situ,4,4,594,16:12:00,16:32:00,27.3,16:34:00,16:54:00,27.1,100+3,1756.77
20220930,Thermal,4,11,DLAB-IDL03,DLAB,BB,in-situ,5,5,558,16:12:00,16:32:00,27.3,16:34:00,16:54:00,27.1,100+3,1241.629
20220930,Thermal,4,11,MCAV-IMC02,MCAV,BB,in-situ,6,6,582,16:12:00,16:32:00,27.3,16:34:00,16:54:00,27.1,100+3,1039.842
20220930,Thermal,5,12,DLAB-IDL02,DLAB,BB,in-situ,1,1,590,17:36:00,17:56:00,27.8,17:58:00,18:18:00,27.6,100+3,1308.131
20220930,Thermal,5,12,PAST-IPA04,PAST,BB,in-situ,2,2,584,17:36:00,17:56:00,27.8,17:58:00,18:18:00,27.6,100+3,466.936
20220930,Thermal,5,12,DLAB-IDL04,DLAB,BB,in-situ,3,3,585,17:36:00,17:56:00,27.8,17:58:00,18:18:00,27.6,100+3,605.361
20220930,Thermal,5,12,MCAV-IMC01,MCAV,BB,in-situ,4,4,585,17:36:00,17:56:00,27.8,17:58:00,18:18:00,27.6,100+3,1039.756
20220930,Thermal,5,12,PAST-IPA01,PAST,BB,in-situ,5,5,576,17:36:00,17:56:00,27.8,17:58:00,18:18:00,27.6,100+3,1247.743
20220930,Thermal,5,12,PAST-IPA03,PAST,BB,in-situ,6,6,566,17:36:00,17:56:00,27.8,17:58:00,18:18:00,27.6,100+3,1143.315
20221012,Thermal,1,13,DLAB-E0758,DLAB,BB,2,1,1,590,10:34:00,10:54:00,29.6,10:57:00,11:17:00,29.3,100+4,994.039
20221012,Patch-rim,1,13,BLNK-BL004,BLANK,BB,NA,5,5,612,10:34:00,10:54:00,29.6,10:57:00,11:17:00,29.3,100+4,
20221012,Thermal,2,14,PAST-A0742,PAST,BB,3,1,1,594,13:04:00,13:24:00,29.1,13:27:00,13:47:00,29.1,100+4,719.917
20221012,Thermal,2,14,MCAV-D0004,MCAV,BB,2,2,2,588,13:04:00,13:24:00,29.1,13:27:00,13:47:00,29.1,100+4,765.467
20221012,Thermal,2,14,DLAB-A0498,DLAB,BB,3,3,3,592,13:04:00,13:24:00,29.1,13:27:00,13:47:00,29.1,100+4,992.938
20221012,Thermal,2,14,MCAV-C0752,MCAV,BB,2,4,4,584,13:04:00,13:24:00,29.1,13:27:00,13:47:00,29.1,100+4,1068.939
20221012,Thermal,2,14,PAST-B0013,PAST,BB,3,5,5,582,13:04:00,13:24:00,29.1,13:27:00,13:47:00,29.1,100+4,1267.557
20221012,Thermal,2,14,DLAB-D0321,DLAB,BB,2,6,6,591,13:04:00,13:24:00,29.1,13:27:00,13:47:00,29.1,100+4,738.91
20221012,Thermal,2,14,PAST-D0641,PAST,BB,2,7,7,582,13:04:00,13:24:00,29.1,13:27:00,13:47:00,29.1,100+4,918.198
20221012,Thermal,2,14,PAST-C0475,PAST,BB,2,8,8,590,13:04:00,13:24:00,29.1,13:27:00,13:47:00,29.1,100+4,1382.17
20221012,Thermal,3,15,MCAV-B0533,MCAV,BB,3,1,1,596,14:32:00,14:52:00,28.7,14:55:00,15:15:00,29,100+4,1287.487
20221012,Thermal,3,15,MCAV-E0658,MCAV,BB,6,2,2,588,14:32:00,14:52:00,28.7,14:55:00,15:15:00,29,100+4,803.28
20221012,Thermal,3,15,MCAV-F0505,MCAV,BB,6,3,3,580,14:32:00,14:52:00,28.7,14:55:00,15:15:00,29,100+4,1142.778
20221012,Thermal,3,15,PAST-F0626,PAST,BB,6,4,4,590,14:32:00,14:52:00,28.7,14:55:00,15:15:00,29,100+4,613.515
20221012,Thermal,3,15,PAST-E0998,PAST,BB,6,5,5,570,14:32:00,14:52:00,28.7,14:55:00,15:15:00,29,100+4,817.975
20221012,Thermal,3,15,DLAB-F0889,DLAB,BB,6,6,6,578,14:32:00,14:52:00,28.7,14:55:00,15:15:00,29,100+4,1471.11
20221012,Thermal,3,15,MCAV-A0631,MCAV,BB,3,7,7,574,14:32:00,14:52:00,28.7,14:55:00,15:15:00,29,100+4,1654.789
20221012,Thermal,3,15,DLAB-C0544,DLAB,BB,3,8,8,586,14:32:00,14:52:00,28.7,14:55:00,15:15:00,29,100+4,1168.604
20221013,Thermal,1,16,MCAV-B0865,MCAV,BB,1,1,1,591,9:42:00,10:02:00,30.9,10:06:00,10:26:00,31.2,100+4,782.222
20221013,Thermal,1,16,MCAV-E0869,MCAV,BB,5,2,2,582,9:42:00,10:02:00,30.9,10:06:00,10:26:00,31.2,100+4,1042.303
20221013,Thermal,1,16,BLNK-BL005,BLANK,BB,NA,3,3,616,9:42:00,10:02:00,30.9,10:06:00,10:26:00,31.2,100+4,
20221013,Thermal,1,16,DLAB-F1029,DLAB,BB,5,4,4,566,9:42:00,10:02:00,30.9,10:06:00,10:26:00,31.2,100+4,1275.147
20221013,Thermal,1,16,PAST-E0988,PAST,BB,5,5,5,593,9:42:00,10:02:00,30.9,10:06:00,10:26:00,31.2,100+4,797.03
20221013,Thermal,1,16,MCAV-F0966,MCAV,BB,5,6,6,568,9:42:00,10:02:00,30.9,10:06:00,10:26:00,31.2,100+4,1675.656
20221013,Thermal,1,16,DLAB-A0015,DLAB,BB,1,7,7,562,9:42:00,10:02:00,30.9,10:06:00,10:26:00,31.2,100+4,1168.696
20221013,Thermal,1,16,PAST-F0885,PAST,BB,5,8,8,595,9:42:00,10:02:00,30.9,10:06:00,10:26:00,31.2,100+4,1086.699
20221013,Thermal,2,17,MCAV-A0788,MCAV,BB,1,1,1,595,11:06:00,11:26:00,31.3,11:29:00,11:49:00,31.1,100+4,884.317
20221013,Thermal,2,17,MCAV-C0943,MCAV,BB,4,2,2,589,11:06:00,11:26:00,31.3,11:29:00,11:49:00,31.1,100+4,1219.391
20221013,Thermal,2,17,PAST-C0909,PAST,BB,4,3,3,579,11:06:00,11:26:00,31.3,11:29:00,11:49:00,31.1,100+4,1448.795
20221013,Thermal,2,17,MCAV-D0935,MCAV,BB,4,4,4,588,11:06:00,11:26:00,31.3,11:29:00,11:49:00,31.1,100+4,1138.208
20221013,Thermal,2,17,PAST-D0977,PAST,BB,4,5,5,591,11:06:00,11:26:00,31.3,11:29:00,11:49:00,31.1,100+4,866.334
20221013,Thermal,2,17,DLAB-D1000,DLAB,BB,4,6,6,595,11:06:00,11:26:00,31.3,11:29:00,11:49:00,31.1,100+4,686.466
20221013,Thermal,2,17,BLNK-BL006,BLANK,BB,NA,7,7,612,11:06:00,11:26:00,31.3,11:29:00,11:49:00,31.1,100+4,
20221013,Thermal,2,17,DLAB-E0961,DLAB,BB,4,8,8,590,11:06:00,11:26:00,31.3,11:29:00,11:49:00,31.1,100+4,986.772
20221013,Thermal,3,18,PAST-B0958,PAST,BB,1,1,1,582,13:02:00,13:22:00,30.7,13:24:00,13:44:00,31.1,100+4,1096.91
20221013,Thermal,3,18,BLNK-BL007,BLANK,BB,NA,3,3,618,13:02:00,13:22:00,30.7,13:24:00,13:44:00,31.1,100+4,
20221013,Thermal,3,18,PAST-A0937,PAST,BB,1,6,6,574,13:02:00,13:22:00,30.7,13:24:00,13:44:00,31.1,100+4,1642.604
20221013,Thermal,3,18,DLAB-C0849,DLAB,BB,1,8,8,583,13:02:00,13:22:00,30.7,13:24:00,13:44:00,31.1,100+4,1136.033
20221014,Thermal,1,19,MCAV-IMC05,MCAV,BB,in-situ,1,1,584,9:03:00,9:23:00,27.1,9:28:00,9:48:00,27.2,100+4,1227.304
20221014,Thermal,1,19,DLAB-IDL05,DLAB,BB,in-situ,2,2,573,9:03:00,9:23:00,27.1,9:28:00,9:48:00,27.2,100+4,1962.616
20221014,Thermal,1,19,PAST-IPA05,PAST,BB,in-situ,3,3,589,9:03:00,9:23:00,27.1,9:28:00,9:48:00,27.2,100+4,987.396
20221014,Thermal,1,19,BLNK-BL008,BLANK,BB,in-situ,4,4,612,9:03:00,9:23:00,27.1,9:28:00,9:48:00,27.2,100+4,
20221014,Thermal,1,19,PAST-IPA07,PAST,BB,in-situ,5,5,590,9:03:00,9:23:00,27.1,9:28:00,9:48:00,27.2,100+4,1536.921
20221014,Thermal,1,19,MCAV-IMC07,MCAV,BB,in-situ,7,7,600,9:03:00,9:23:00,27.1,9:28:00,9:48:00,27.2,100+4,444.072
20221014,Thermal,1,19,DLAB-IDL06,DLAB,BB,in-situ,8,8,586,9:03:00,9:23:00,27.1,9:28:00,9:48:00,27.2,100+4,949.157
20221014,Thermal,2,20,MCAV-IMC06,MCAV,BB,in-situ,1,1,593,11:57:00,12:17:00,27.2,12:21:00,12:41:00,missing info,100+4,446.146
20221014,Thermal,2,20,DLAB-IDL08,DLAB,BB,in-situ,2,2,554,11:57:00,12:17:00,27.2,12:21:00,12:41:00,missing info,100+4,1853.845
20221014,Thermal,2,20,PAST-IPA08,PAST,BB,in-situ,3,3,583,11:57:00,12:17:00,27.2,12:21:00,12:41:00,missing info,100+4,1141.742
20221014,Thermal,2,20,MCAV-IMC08,MCAV,BB,in-situ,4,4,585,11:57:00,12:17:00,27.2,12:21:00,12:41:00,missing info,100+4,347.14
20221014,Thermal,2,20,PAST-IPA06,PAST,BB,in-situ,5,5,560,11:57:00,12:17:00,27.2,12:21:00,12:41:00,missing info,100+4,1781.087
20221014,Thermal,2,20,BLNK-BL009,BLANK,BB,in-situ,6,6,610,11:57:00,12:17:00,27.2,12:21:00,12:41:00,missing info,100+4,
20221014,Thermal,2,20,DLAB-IDL07,DLAB,BB,in-situ,7,7,536,11:57:00,12:17:00,27.2,12:21:00,12:41:00,missing info,100+4,1782.826
20221019,Thermal,1,21,BLNK-BL010,BLANK,BB,2,1,1,610,10:18:00,10:38:00,29,10:41:00,11:01:00,missing info,100+4,
20221019,Thermal,1,21,PAST-D0405,PAST,BB,2,2,2,589,10:18:00,10:38:00,29,10:41:00,11:01:00,missing info,100+4,553.809
20221019,Thermal,1,21,MCAV-C0707,MCAV,BB,2,3,3,584,10:18:00,10:38:00,29,10:41:00,11:01:00,missing info,100+4,1127.483
20221019,Thermal,1,21,DLAB-D0876,DLAB,BB,2,4,4,592,10:18:00,10:38:00,29,10:41:00,11:01:00,missing info,100+4,1209.847
20221019,Thermal,1,21,MCAV-D0350,MCAV,BB,2,5,5,577,10:18:00,10:38:00,29,10:41:00,11:01:00,missing info,100+4,938.197
20221019,Thermal,1,21,PAST-A0240,PAST,BB,3,6,6,592,10:18:00,10:38:00,29,10:41:00,11:01:00,missing info,100+4,656.756
20221019,Thermal,1,21,PAST-C0008,PAST,BB,2,7,7,578,10:18:00,10:38:00,29,10:41:00,11:01:00,missing info,100+4,1762.507
20221019,Thermal,1,21,DLAB-E0874,DLAB,BB,2,8,8,589,10:18:00,10:38:00,29,10:41:00,11:01:00,missing info,100+4,1237.793
20221019,Thermal,2,22,MCAV-F0566,MCAV,BB,6,1,1,594,11:54:00,12:14:00,29,12:17:00,12:37:00,29,100+4,1107.333
20221019,Thermal,2,22,MCAV-A0481,MCAV,BB,3,2,2,597,11:54:00,12:14:00,29,12:17:00,12:37:00,29,100+4,573.203
20221019,Thermal,2,22,MCAV-B0084,MCAV,BB,3,3,3,588,11:54:00,12:14:00,29,12:17:00,12:37:00,29,100+4,939.188
20221019,Thermal,2,22,BLNK-BL011,BLANK,BB,NA,4,4,612,11:54:00,12:14:00,29,12:17:00,12:37:00,29,100+4,
20221019,Thermal,2,22,DLAB-C0679,DLAB,BB,3,5,5,586,11:54:00,12:14:00,29,12:17:00,12:37:00,29,100+4,971.832
20221019,Thermal,2,22,PAST-F0601,PAST,BB,6,6,6,594,11:54:00,12:14:00,29,12:17:00,12:37:00,29,100+4,688.716
20221019,Thermal,2,22,DLAB-F0096,DLAB,BB,6,7,7,579,11:54:00,12:14:00,29,12:17:00,12:37:00,29,100+4,1083.103
20221019,Thermal,2,22,PAST-B0101,PAST,BB,3,8,8,582,11:54:00,12:14:00,29,12:17:00,12:37:00,29,100+4,1701.242
20221019,Thermal,3,23,MCAV-E0229,MCAV,BB,6,1,1,584,13:04:00,13:24:00,28.8,13:26:00,13:46:00,28.8,100+4,1193.512
20221019,Thermal,3,23,PAST-E1008,PAST,BB,6,2,2,586,13:04:00,13:24:00,28.8,13:26:00,13:46:00,28.8,100+4,1128.287
20221019,Thermal,3,23,BLNK-BL012,BLANK,BB,NA,6,6,620,13:04:00,13:24:00,28.8,13:26:00,13:46:00,28.8,100+4,
20221020,Thermal,1,24,PAST-B0549,PAST,BB,1,2,2,586,10:02:00,10:22:00,31.1,10:25:00,10:45:00,31.1,100+4,1400.283
20221020,Thermal,1,24,BLNK-BL013,BLANK,BB,NA,3,3,612,10:02:00,10:22:00,31.1,10:25:00,10:45:00,31.1,100+4,
20221020,Thermal,1,24,MCAV-F0813,MCAV,BB,5,4,4,584,10:02:00,10:22:00,31.1,10:25:00,10:45:00,31.1,100+4,1610.624
20221020,Thermal,1,24,PAST-A0967,PAST,BB,1,5,5,588,10:02:00,10:22:00,31.1,10:25:00,10:45:00,31.1,100+4,660.767
20221020,Thermal,1,24,DLAB-C0016,DLAB,BB,1,6,6,590,10:02:00,10:22:00,31.1,10:25:00,10:45:00,31.1,100+4,786.364
20221020,Thermal,1,24,MCAV-A0895,MCAV,BB,1,7,7,574,10:02:00,10:22:00,31.1,10:25:00,10:45:00,31.1,100+4,904.453
20221020,Thermal,1,24,MCAV-B0747,MCAV,BB,1,8,8,582,10:02:00,10:22:00,31.1,10:25:00,10:45:00,31.1,100+4,1016.996
20221020,Thermal,2,25,PAST-C0629,PAST,BB,4,1,1,580,11:14:00,11:34:00,31,11:36:00,11:56:00,31,100+4,971.665
20221020,Thermal,2,25,MCAV-D0569,MCAV,BB,4,2,2,586,11:14:00,11:34:00,31,11:36:00,11:56:00,31,100+4,890.324
20221020,Thermal,2,25,PAST-D0284,PAST,BB,4,3,3,600,11:14:00,11:34:00,31,11:36:00,11:56:00,31,100+4,713.29
20221020,Thermal,2,25,BLNK-BL014,BLANK,BB,NA,4,4,650,11:14:00,11:34:00,31,11:36:00,11:56:00,31,100+4,
20221020,Thermal,2,25,MCAV-C0854,MCAV,BB,4,5,5,580,11:14:00,11:34:00,31,11:36:00,11:56:00,31,100+4,1206.014
20221020,Thermal,2,25,DLAB-D0019,DLAB,BB,4,6,6,594,11:14:00,11:34:00,31,11:36:00,11:56:00,31,100+4,843.303
20221020,Thermal,2,25,DLAB-E0616,DLAB,BB,4,7,7,588,11:14:00,11:34:00,31,11:36:00,11:56:00,31,100+4,799.191
20221020,Thermal,2,25,MCAV-E0775,MCAV,BB,5,8,8,588,11:14:00,11:34:00,31,11:36:00,11:56:00,31,100+4,1208.931
20221020,Thermal,3,26,BLNK-BL015,BLANK,BB,BLANK,1,1,620,12:18:00,12:38:00,31.2,12:41:00,13:01:00,31,100+4,
20221020,Thermal,3,26,PAST-E0840,PAST,BB,5,2,2,596,12:18:00,12:38:00,31.2,12:41:00,13:01:00,31,100+4,1573.283
20221020,Thermal,3,26,DLAB-F0917,DLAB,BB,5,3,3,594,12:18:00,12:38:00,31.2,12:41:00,13:01:00,31,100+4,548.922
20221020,Thermal,3,26,PAST-F0801,PAST,BB,5,4,4,602,12:18:00,12:38:00,31.2,12:41:00,13:01:00,31,100+4,917.868
20221030,Thermal,1,27,DLAB-IDL09,DLAB,BB,in-situ,1,1,572,14:47:00,15:07:00,26.6,15:10:00,15:30:00,missing info,100+4,1679.867
20221030,Thermal,1,27,PAST-IPA10,PAST,BB,in-situ,2,2,576,14:47:00,15:07:00,26.6,15:10:00,15:30:00,missing info,100+4,1896.922
20221030,Thermal,1,27,MCAV-IMC10,MCAV,BB,in-situ,3,3,583,14:47:00,15:07:00,26.6,15:10:00,15:30:00,missing info,100+4,988.968
20221030,Thermal,1,27,BLNK-BL016,BLANK,BB,in-situ,5,5,603,14:47:00,15:07:00,26.6,15:10:00,15:30:00,missing info,100+4,NA
20221030,Thermal,1,27,PAST-IPA09,PAST,BB,in-situ,6,6,565,14:47:00,15:07:00,26.6,15:10:00,15:30:00,missing info,100+4,1947.588
20221030,Thermal,1,27,MCAV-IMC09,MCAV,BB,in-situ,7,7,524,14:47:00,15:07:00,26.6,15:10:00,15:30:00,missing info,100+4,2194.872
20221030,Thermal,1,27,DLAB-IDL12,DLAB,BB,in-situ,8,8,553,14:47:00,15:07:00,26.6,15:10:00,15:30:00,missing info,100+4,1607.972
20221030,Thermal,2,28,PAST-IPA12,PAST,BB,in-situ,1,1,570,16:20:00,16:40:00,26.3,16:43:00,17:03:00,26.3,100+4,2107.997
20221030,Thermal,2,28,DLAB-IDL11,DLAB,BB,in-situ,2,2,559,16:20:00,16:40:00,26.3,16:43:00,17:03:00,26.3,100+4,2045.646
20221030,Thermal,2,28,MCAV-IMC12,MCAV,BB,in-situ,3,3,596,16:20:00,16:40:00,26.3,16:43:00,17:03:00,26.3,100+4,930.983
20221030,Thermal,2,28,PAST-IPA11,PAST,BB,in-situ,4,4,568,16:20:00,16:40:00,26.3,16:43:00,17:03:00,26.3,100+4,1970.776
20221030,Thermal,2,28,BLNK-BL017,BLANK,BB,in-situ,6,6,617,16:20:00,16:40:00,26.3,16:43:00,17:03:00,26.3,100+4,NA
20221030,Thermal,2,28,MCAV-IMC11,MCAV,BB,in-situ,7,7,580,16:20:00,16:40:00,26.3,16:43:00,17:03:00,26.3,100+4,870.153
20221030,Thermal,2,28,DLAB-IDL10,DLAB,BB,in-situ,8,8,510,16:20:00,16:40:00,26.3,16:43:00,17:03:00,26.3,100+4,2859.191
20221031,Thermal,1,29,DLAB-E0211,DLAB,BB,2,1,1,600,9:35:00,9:55:00,29,9:58:00,10:18:00,29.1,100+4,1080.281
20221031,Patch-rim,1,29,PAST-E0717,PAST,BB,2,2,2,591,9:35:00,9:55:00,29,9:58:00,10:18:00,29.1,100+4,921.178
20221031,Thermal,1,29,MCAV-C0743,MCAV,BB,2,3,3,596,9:35:00,9:55:00,29,9:58:00,10:18:00,29.1,100+4,1050.618
20221031,Thermal,1,29,DLAB-D0255,DLAB,BB,2,4,4,588,9:35:00,9:55:00,29,9:58:00,10:18:00,29.1,100+4,1148.831
20221031,Thermal,1,29,MCAV-D0495,MCAV,BB,2,5,5,590,9:35:00,9:55:00,29,9:58:00,10:18:00,29.1,100+4,886.174
20221031,Patch-rim,1,29,PAST-F0464,PAST,HR,2,6,6,576,9:35:00,9:55:00,29,9:58:00,10:18:00,29.1,100+4,1396.668
20221031,Thermal,1,29,BLNK-BL018,BLANK,BB,NA,7,7,618,9:35:00,9:55:00,29,9:58:00,10:18:00,29.1,100+4,
20221031,Patch-rim,1,29,PAST-F0213,PAST,BB,2,8,8,590,9:35:00,9:55:00,29,9:58:00,10:18:00,29.1,100+4,1804.702
20221031,Patch-rim,2,30,PAST-A0195,PAST,BB,3,1,1,596,10:50:00,11:10:00,28.9,11:12:00,11:34:00,29.1,100+4,1429.28
20221031,Thermal,2,30,DLAB-A0066,DLAB,BB,3,2,2,599,10:50:00,11:10:00,28.9,11:12:00,11:34:00,29.1,100+4,713.686
20221031,Patch-rim,2,30,PAST-G0694,PAST,BB,2,3,3,585,10:50:00,11:10:00,28.9,11:12:00,11:34:00,29.1,100+4,1278.85
20221031,Thermal,2,30,PAST-C0857,PAST,BB,2,4,4,586,10:50:00,11:10:00,28.9,11:12:00,11:34:00,29.1,100+4,1332.245
20221031,Thermal,2,30,PAST-D0529,PAST,BB,2,5,5,594,10:50:00,11:10:00,28.9,11:12:00,11:34:00,29.1,100+4,1021.831
20221031,Patch-rim,2,30,PAST-E0390,PAST,HR,2,6,6,588,10:50:00,11:10:00,28.9,11:12:00,11:34:00,29.1,100+4,1173.58
20221031,Patch-rim,2,30,PAST-D0749,PAST,HR,2,7,7,579,10:50:00,11:10:00,28.9,11:12:00,11:34:00,29.1,100+4,1288.225
20221031,Thermal,2,30,DLAB-C0586,DLAB,BB,3,8,8,590,10:50:00,11:10:00,28.9,11:12:00,11:34:00,29.1,100+4,1163.746
20221031,Patch-rim,3,31,PAST-C0398,PAST,HR,3,1,1,576,12:01:00,12:21:00,28.9,12:23:00,12:43:00,29.1,100+4,1701.362
20221031,Patch-rim,3,31,PAST-A0269,PAST,HR,3,2,2,592,12:01:00,12:21:00,28.9,12:23:00,12:43:00,29.1,100+4,1086.772
20221031,Patch-rim,3,31,PAST-B0676,PAST,BB,3,3,3,592,12:01:00,12:21:00,28.9,12:23:00,12:43:00,29.1,100+4,1274.433
20221031,Thermal,3,31,MCAV-A0367,MCAV,BB,3,4,4,600,12:01:00,12:21:00,28.9,12:23:00,12:43:00,29.1,100+4,709.068
20221031,Thermal,3,31,MCAV-B0754,MCAV,BB,3,5,5,586,12:01:00,12:21:00,28.9,12:23:00,12:43:00,29.1,100+4,720.8
20221031,Patch-rim,3,31,PAST-D0619,PAST,BB,3,6,6,574,12:01:00,12:21:00,28.9,12:23:00,12:43:00,29.1,100+4,1552.521
20221031,Patch-rim,3,31,PAST-B0930,PAST,HR,3,7,7,572,12:01:00,12:21:00,28.9,12:23:00,12:43:00,29.1,100+4,953.575
20221031,Patch-rim,3,31,PAST-C0612,PAST,BB,3,8,8,582,12:01:00,12:21:00,28.9,12:23:00,12:43:00,29.1,100+4,1456.666
20221031,Thermal,4,32,MCAV-E0591,MCAV,BB,6,1,1,581,13:19:00,13:39:00,29,13:42:00,14:02:00,29.2,100+4,1005.454
20221031,Thermal,4,32,DLAB-F0777,DLAB,BB,6,2,2,586,13:19:00,13:39:00,29,13:42:00,14:02:00,29.2,100+4,1221.468
20221031,Thermal,4,32,PAST-B0059,PAST,BB,3,3,3,587,13:19:00,13:39:00,29,13:42:00,14:02:00,29.2,100+4,888.039
20221031,Thermal,4,32,MCAV-F0991,MCAV,BB,6,4,4,576,13:19:00,13:39:00,29,13:42:00,14:02:00,29.2,100+4,1626.757
20221031,Thermal,4,32,PAST-A0310,PAST,BB,3,5,5,598,13:19:00,13:39:00,29,13:42:00,14:02:00,29.2,100+4,563.278
20221031,Patch-rim,4,32,PAST-J0875,PAST,BB,6,6,6,584,13:19:00,13:39:00,29,13:42:00,14:02:00,29.2,100+4,1601.743
20221031,Thermal,4,32,PAST-F0700,PAST,BB,6,7,7,579,13:19:00,13:39:00,29,13:42:00,14:02:00,29.2,100+4,1359.485
20221031,Thermal,4,32,PAST-E0555,PAST,BB,6,8,8,585,13:19:00,13:39:00,29,13:42:00,14:02:00,29.2,100+4,1370.281
20221031,Patch-rim,5,33,PAST-H0630,PAST,BB,6,1,1,586,14:42:00,15:02:00,29.1,15:04:00,15:24:00,29.1,100+4,1257.22
20221031,Patch-rim,5,33,PAST-G0400,PAST,HR,6,2,2,568,14:42:00,15:02:00,29.1,15:04:00,15:24:00,29.1,100+4,1120.568
20221031,Patch-rim,5,33,PAST-J0763,PAST,HR,6,3,3,590,14:42:00,15:02:00,29.1,15:04:00,15:24:00,29.1,100+4,1469.588
20221031,Patch-rim,5,33,PAST-I0772,PAST,BB,6,4,4,588,14:42:00,15:02:00,29.1,15:04:00,15:24:00,29.1,100+4,1054.354
20221031,Patch-rim,5,33,BLNK-BL019,BLANK,BB,NA,5,5,614,14:42:00,15:02:00,29.1,15:04:00,15:24:00,29.1,100+4,NA
20221031,Patch-rim,5,33,PAST-I0545,PAST,HR,6,6,6,580,14:42:00,15:02:00,29.1,15:04:00,15:24:00,29.1,100+4,1480.833
20221031,Patch-rim,5,33,PAST-H0808,PAST,HR,6,8,8,576,14:42:00,15:02:00,29.1,15:04:00,15:24:00,29.1,100+4,1013.125
20221101,Patch-rim,1,34,PAST-B0760,PAST,BB,1,1,1,574,9:44:00,10:04:00,30.9,10:08:00,10:28:00,30.9,100+4,1936.557
20221101,Thermal,1,34,BLNK-BL020,BLANK,BB,NA,2,2,616,9:44:00,10:04:00,30.9,10:08:00,10:28:00,30.9,100+4,NA
20221101,Thermal,1,34,DLAB-C0845,DLAB,BB,1,3,3,586,9:44:00,10:04:00,30.9,10:08:00,10:28:00,30.9,100+4,1354.217
20221101,Patch-rim,1,34,PAST-A0230,PAST,BB,1,4,4,586,9:44:00,10:04:00,30.9,10:08:00,10:28:00,30.9,100+4,1479.7
20221101,Thermal,1,34,PAST-B0818,PAST,BB,1,5,5,590,9:44:00,10:04:00,30.9,10:08:00,10:28:00,30.9,100+4,1444.027
20221101,Patch-rim,1,34,PAST-B0744,PAST,HR,1,6,6,586,9:44:00,10:04:00,30.9,10:08:00,10:28:00,30.9,100+4,965.945
20221101,Patch-rim,1,34,PAST-A0735,PAST,HR,1,7,7,574,9:44:00,10:04:00,30.9,10:08:00,10:28:00,30.9,100+4,1309.917
20221101,Thermal,1,34,DLAB-A0546,DLAB,BB,1,8,8,596,9:44:00,10:04:00,30.9,10:08:00,10:28:00,30.9,100+4,925.259
20221101,Thermal,2,35,PAST-A0915,PAST,BB,1,1,1,600,11:13:00,11:33:00,31.3,11:36:00,11:56:00,31,100+4,1342.355
20221101,Thermal,2,35,DLAB-E0300,DLAB,BB,4,2,2,590,11:13:00,11:33:00,31.3,11:36:00,11:56:00,31,100+4,1070.725
20221101,Patch-rim,2,35,PAST-C0431,PAST,HR,1,3,3,584,11:13:00,11:33:00,31.3,11:36:00,11:56:00,31,100+4,1927.025
20221101,Patch-rim,2,35,PAST-C0514,PAST,BB,1,4,4,580,11:13:00,11:33:00,31.3,11:36:00,11:56:00,31,100+4,1533.41
20221101,Patch-rim,2,35,PAST-D0779,PAST,BB,1,5,5,578,11:13:00,11:33:00,31.3,11:36:00,11:56:00,31,100+4,1972.988
20221101,Thermal,2,35,DLAB-D0020,DLAB,BB,4,6,6,590,11:13:00,11:33:00,31.3,11:36:00,11:56:00,31,100+4,1146.693
20221101,Thermal,2,35,MCAV-B0835,MCAV,BB,1,7,7,566,11:13:00,11:33:00,31.3,11:36:00,11:56:00,31,100+4,1417.793
20221101,Thermal,2,35,MCAV-A0664,MCAV,BB,1,8,8,584,11:13:00,11:33:00,31.3,11:36:00,11:56:00,31,100+4,1494.597
20221101,Thermal,3,36,MCAV-D0860,MCAV,BB,4,1,1,596,12:34:00,12:54:00,31,13:00:00,13:20:00,31.3,100+4,1189.256
20221101,Patch-rim,3,36,PAST-F0823,PAST,HR,4,2,2,574,12:34:00,12:54:00,31,13:00:00,13:20:00,31.3,100+4,1483.519
20221101,Thermal,3,36,MCAV-C0978,MCAV,BB,4,3,3,594,12:34:00,12:54:00,31,13:00:00,13:20:00,31.3,100+4,1489.999
20221101,Patch-rim,3,36,PAST-E0678,PAST,BB,4,4,4,566,12:34:00,12:54:00,31,13:00:00,13:20:00,31.3,100+4,1719.891
20221101,Patch-rim,3,36,PAST-E0556,PAST,HR,4,5,5,581,12:34:00,12:54:00,31,13:00:00,13:20:00,31.3,100+4,1166.784
20221101,Patch-rim,3,36,PAST-D0092,PAST,HR,4,6,6,579,12:34:00,12:54:00,31,13:00:00,13:20:00,31.3,100+4,1981.043
20221101,Patch-rim,3,36,PAST-G0852,PAST,BB,4,7,7,574,12:34:00,12:54:00,31,13:00:00,13:20:00,31.3,100+4,1598.354
20221101,Patch-rim,3,36,PAST-F0693,PAST,BB,4,8,8,580,12:34:00,12:54:00,31,13:00:00,13:20:00,31.3,100+4,1726.454
20221101,Patch-rim,4,37,PAST-H0806,PAST,HR,5,1,1,582,14:00:00,14:20:00,31.4,14:23:00,14:43:00,31.6,100+4,1259.929
20221101,Patch-rim,4,37,PAST-H0552,PAST,BB,5,2,2,582,14:00:00,14:20:00,31.4,14:23:00,14:43:00,31.6,100+4,1877.648
20221101,Patch-rim,4,37,PAST-G0796,PAST,HR,5,3,3,590,14:00:00,14:20:00,31.4,14:23:00,14:43:00,31.6,100+4,1301.83
20221101,Thermal,4,37,PAST-D0938,PAST,BB,4,4,4,591,14:00:00,14:20:00,31.4,14:23:00,14:43:00,31.6,100+4,1459.087
20221101,Thermal,4,37,DLAB-F1011,DLAB,BB,5,5,5,598,14:00:00,14:20:00,31.4,14:23:00,14:43:00,31.6,100+4,1137.281
20221101,Thermal,4,37,PAST-F0724,PAST,BB,5,6,6,592,14:00:00,14:20:00,31.4,14:23:00,14:43:00,31.6,100+4,846.122
20221101,Thermal,4,37,PAST-C0672,PAST,BB,4,7,7,590,14:00:00,14:20:00,31.4,14:23:00,14:43:00,31.6,100+4,1105.657
20221101,Patch-rim,4,37,PAST-I0802,PAST,BB,5,8,8,584,14:00:00,14:20:00,31.4,14:23:00,14:43:00,31.6,100+4,1217.493
20221101,Thermal,5,38,MCAV-E0785,MCAV,BB,5,1,1,592,15:34:00,15:54:00,30.9,15:57:00,16:17:00,31.3,100+4,988.175
20221101,Patch-rim,5,38,PAST-J0636,PAST,HR,5,2,2,574,15:34:00,15:54:00,30.9,15:57:00,16:17:00,31.3,100+4,1711.168
20221101,Thermal,5,38,MCAV-F0774,MCAV,BB,5,3,3,584,15:34:00,15:54:00,30.9,15:57:00,16:17:00,31.3,100+4,1561.534
20221101,Thermal,5,38,PAST-E0010,PAST,BB,5,4,4,586,15:34:00,15:54:00,30.9,15:57:00,16:17:00,31.3,100+4,1239.58
20221101,Patch-rim,5,38,PAST-J0720,PAST,BB,5,5,5,584,15:34:00,15:54:00,30.9,15:57:00,16:17:00,31.3,100+4,1164.806
20221101,Patch-rim,5,38,PAST-I0476,PAST,HR,5,6,6,582,15:34:00,15:54:00,30.9,15:57:00,16:17:00,31.3,100+4,1503.659
20221101,Thermal,5,38,BLNK-BL021,BLANK,BB,5,7,7,614,15:34:00,15:54:00,30.9,15:57:00,16:17:00,31.3,100+4,NA
20221115,Patch-rim,1,39,PAST-B0295,PAST,HR,3,1,1,586,10:17:00,10:37:00,29.2,10:41:00,11:01:00,29.2,100,846.476
20221115,Thermal,1,39,BLNK-BL022,BLANK,BB,NA,2,2,650,10:17:00,10:37:00,29.2,10:41:00,11:01:00,29.2,100,NA
20221115,Thermal,1,39,MCAV-B0856,MCAV,BB,3,3,3,586,10:17:00,10:37:00,29.2,10:41:00,11:01:00,29.2,100,584.946
20221115,Thermal,1,39,MCAV-A0595,MCAV,BB,3,4,4,590,10:17:00,10:37:00,29.2,10:41:00,11:01:00,29.2,100,1109.242
20221115,Patch-rim,1,39,PAST-C0190,PAST,HR,3,5,5,572,10:17:00,10:37:00,29.2,10:41:00,11:01:00,29.2,100,1792.641
20221115,Patch-rim,1,39,PAST-B0926,PAST,BB,3,6,6,578,10:17:00,10:37:00,29.2,10:41:00,11:01:00,29.2,100,1978.124
20221115,Patch-rim,1,39,PAST-D0558,PAST,BB,3,7,7,574,10:17:00,10:37:00,29.2,10:41:00,11:01:00,29.2,100,1337.525
20221115,Patch-rim,1,39,PAST-C0786,PAST,BB,3,8,8,582,10:17:00,10:37:00,29.2,10:41:00,11:01:00,29.2,100,1367.898
20221115,Patch-rim,2,40,PAST-A0627,PAST,BB,3,1,1,585,11:56:00,12:16:00,28.9,12:18:00,12:38:00,28.9,100+4,1515.179
20221115,Patch-rim,2,40,PAST-A0585,PAST,HR,3,2,2,572,11:56:00,12:16:00,28.9,12:18:00,12:38:00,28.9,100+4,1775.676
20221115,Patch-rim,2,40,PAST-E1019,PAST,HR,2,3,3,580,11:56:00,12:16:00,28.9,12:18:00,12:38:00,28.9,100+4,1595.787
20221115,Patch-rim,2,40,PAST-F0382,PAST,HR,2,4,4,584,11:56:00,12:16:00,28.9,12:18:00,12:38:00,28.9,100+4,1007.577
20221115,Patch-rim,2,40,PAST-G0833,PAST,BB,2,5,5,570,11:56:00,12:16:00,28.9,12:18:00,12:38:00,28.9,100+4,1888.238
20221115,Patch-rim,2,40,PAST-D0700,PAST,HR,2,6,6,578,11:56:00,12:16:00,28.9,12:18:00,12:38:00,28.9,100+4,2149.473
20221115,Patch-rim,2,40,PAST-E0867,PAST,BB,2,7,7,556,11:56:00,12:16:00,28.9,12:18:00,12:38:00,28.9,100+4,1307.871
20221115,Patch-rim,2,40,PAST-F0583,PAST,BB,2,8,8,582,11:56:00,12:16:00,28.9,12:18:00,12:38:00,28.9,100+4,2004.374
20221115,Patch-rim,3,41,PAST-H0625,PAST,HR,6,1,1,578,13:30:00,13:50:00,29,13:53:00,14:17:00,29,100+4,1168.564
20221115,Patch-rim,3,41,PAST-H0719,PAST,BB,6,2,2,584,13:30:00,13:50:00,29,13:53:00,14:17:00,29,100+4,1021.262
20221115,Patch-rim,3,41,PAST-I0225,PAST,HR,6,3,3,594,13:30:00,13:50:00,29,13:53:00,14:17:00,29,100+4,972.446
20221115,Patch-rim,3,41,PAST-I0820,PAST,BB,6,4,4,576,13:30:00,13:50:00,29,13:53:00,14:17:00,29,100+4,1236.977
20221115,Patch-rim,3,41,PAST-G0220,PAST,HR,6,5,5,564,13:30:00,13:50:00,29,13:53:00,14:17:00,29,100+4,1176.099
20221115,Patch-rim,3,41,PAST-J0370,PAST,BB,6,6,6,578,13:30:00,13:50:00,29,13:53:00,14:17:00,29,100+4,1723.485
20221115,Thermal,3,41,DLAB-A0479,DLAB,BB,6,7,7,572,13:30:00,13:50:00,29,13:53:00,14:17:00,29,100+4,1333.485
20221115,Patch-rim,3,41,PAST-J0829,PAST,HR,6,8,8,584,13:30:00,13:50:00,29,13:53:00,14:17:00,29,100+4,1258.758
20221115,Thermal,4,42,PAST-B0099,PAST,BB,3,1,1,586,15:01:00,15:21:00,29.1,15:24:00,15:44:00,29,100+4,860.046
20221115,Thermal,4,42,DLAB-C0548,DLAB,BB,3,2,2,592,15:01:00,15:21:00,29.1,15:24:00,15:44:00,29,100+4,1089.897
20221115,Thermal,4,42,PAST-E0484,PAST,BB,6,3,3,578,15:01:00,15:21:00,29.1,15:24:00,15:44:00,29,100+4,1416.253
20221115,Thermal,4,42,DLAB-F0673,DLAB,BB,6,4,4,576,15:01:00,15:21:00,29.1,15:24:00,15:44:00,29,100+4,1184.661
20221115,Thermal,4,42,MCAV-F0512,MCAV,BB,6,5,5,594,15:01:00,15:21:00,29.1,15:24:00,15:44:00,29,100+4,1885.825
20221115,Thermal,4,42,PAST-F0575,PAST,BB,6,6,6,598,15:01:00,15:21:00,29.1,15:24:00,15:44:00,29,100+4,454.011
20221115,Thermal,4,42,PAST-A0339,PAST,BB,3,7,7,574,15:01:00,15:21:00,29.1,15:24:00,15:44:00,29,100+4,1507.269
20221115,Thermal,4,42,MCAV-E0681,MCAV,BB,6,8,8,580,15:01:00,15:21:00,29.1,15:24:00,15:44:00,29,100+4,1231.737
20221115,Thermal,5,43,DLAB-D0532,DLAB,BB,2,3,3,584,16:08:00,16:28:00,28.9,16:31:00,16:51:00,29.2,100+4,1618.395
20221115,Thermal,5,43,DLAB-E0056,DLAB,BB,2,4,4,596,16:08:00,16:28:00,28.9,16:31:00,16:51:00,29.2,100+4,1042.534
20221115,Thermal,5,43,PAST-D0099,PAST,BB,2,5,5,596,16:08:00,16:28:00,28.9,16:31:00,16:51:00,29.2,100+4,1066.532
20221115,Thermal,5,43,PAST-C0710,PAST,BB,2,6,6,586,16:08:00,16:28:00,28.9,16:31:00,16:51:00,29.2,100+4,945.709
20221115,Thermal,5,43,MCAV-D0003,MCAV,BB,2,7,7,578,16:08:00,16:28:00,28.9,16:31:00,16:51:00,29.2,100+4,749.883
20221115,Thermal,5,43,MCAV-C0657,MCAV,BB,2,8,8,570,16:08:00,16:28:00,28.9,16:31:00,16:51:00,29.2,100+4,925.654
20221115,Thermal,6,44,PAST-A0784,PAST,BB,1,1,1,594,17:20:00,17:40:00,28.8,17:42:00,18:02:00,28.8,100+4,1387.196
20221115,Patch-rim,6,44,PAST-A0509,PAST,BB,1,2,2,592,17:20:00,17:40:00,28.8,17:42:00,18:02:00,28.8,100+4,1097.469
20221115,Patch-rim,6,44,PAST-B1010,PAST,HR,1,3,3,592,17:20:00,17:40:00,28.8,17:42:00,18:02:00,28.8,100+4,965.726
20221115,Thermal,6,44,DLAB-C0952,DLAB,BB,1,4,4,586,17:20:00,17:40:00,28.8,17:42:00,18:02:00,28.8,100+4,1272.497
20221115,Thermal,6,44,DLAB-A0859,DLAB,BB,1,5,5,586,17:20:00,17:40:00,28.8,17:42:00,18:02:00,28.8,100+4,982.515
20221115,Patch-rim,6,44,PAST-B0706,PAST,BB,1,6,6,586,17:20:00,17:40:00,28.8,17:42:00,18:02:00,28.8,100+4,1598.995
20221115,Patch-rim,6,44,PAST-A0330,PAST,HR,1,7,7,584,17:20:00,17:40:00,28.8,17:42:00,18:02:00,28.8,100+4,828.463
20221115,Thermal,6,44,PAST-B0866,PAST,BB,1,8,8,590,17:20:00,17:40:00,28.8,17:42:00,18:02:00,28.8,100+4,1153.819
20221116,Patch-rim,1,45,PAST-C0338,PAST,HR,1,1,1,584,9:12:00,9:32:00,29.2,9:35:00,9:55:00,29.3,100+4,
20221116,Patch-rim,1,45,PAST-J0609,PAST,BB,5,2,2,580,9:12:00,9:32:00,29.2,9:35:00,9:55:00,29.3,100+4,
20221116,Patch-rim,1,45,PAST-C0649,PAST,BB,1,3,3,579,9:12:00,9:32:00,29.2,9:35:00,9:55:00,29.3,100+4,
20221116,Thermal,1,45,BLNK-BL023,BLANK,BB,NA,4,4,615,9:12:00,9:32:00,29.2,9:35:00,9:55:00,29.3,100+4,
20221116,Thermal,1,45,MCAV-A0738,MCAV,BB,1,5,5,596,9:12:00,9:32:00,29.2,9:35:00,9:55:00,29.3,100+4,1039.46
20221116,Patch-rim,1,45,PAST-D0782,PAST,BB,1,6,6,580,9:12:00,9:32:00,29.2,9:35:00,9:55:00,29.3,100+4,
20221116,Thermal,1,45,MCAV-B0665,MCAV,BB,1,7,7,572,9:12:00,9:32:00,29.2,9:35:00,9:55:00,29.3,100+4,1050.38
20221116,Patch-rim,1,45,PAST-J0940,PAST,HR,5,8,8,581,9:12:00,9:32:00,29.2,9:35:00,9:55:00,29.3,100+4,
20221116,Patch-rim,2,46,PAST-I0582,PAST,BB,5,1,1,584,10:56:00,11:16:00,28.9,11:20:00,11:40:00,29.1,100+4,1023.648
20221116,Patch-rim,2,46,PAST-H0188,PAST,HR,5,2,2,584,10:56:00,11:16:00,28.9,11:20:00,11:40:00,29.1,100+4,757.455
20221116,Thermal,2,46,DLAB-F0955,DLAB,BB,5,3,3,590,10:56:00,11:16:00,28.9,11:20:00,11:40:00,29.1,100+4,865.178
20221116,Patch-rim,2,46,PAST-H0216,PAST,BB,5,4,4,582,10:56:00,11:16:00,28.9,11:20:00,11:40:00,29.1,100+4,1144.527
20221116,Patch-rim,2,46,PAST-G0592,PAST,HR,5,5,5,586,10:56:00,11:16:00,28.9,11:20:00,11:40:00,29.1,100+4,1370.449
20221116,Thermal,2,46,MCAV-F0825,MCAV,BB,5,6,6,584,10:56:00,11:16:00,28.9,11:20:00,11:40:00,29.1,100+4,1182.7
20221116,Thermal,2,46,MCAV-E0781,MCAV,BB,5,7,7,584,10:56:00,11:16:00,28.9,11:20:00,11:40:00,29.1,100+4,814.539
20221116,Patch-rim,2,46,PAST-I0529,PAST,HR,5,8,8,586,10:56:00,11:16:00,28.9,11:20:00,11:40:00,29.1,100+4,1017.591
20221116,Patch-rim,3,47,PAST-E0587,PAST,BB,4,1,1,576,12:51:00,13:11:00,29.1,13:15:00,13:35:00,29.2,100+4,1187.535
20221116,Thermal,3,47,PAST-F0770,PAST,BB,5,2,2,609,12:51:00,13:11:00,29.1,13:15:00,13:35:00,29.2,100+4,871.466
20221116,Thermal,3,47,PAST-E0011,PAST,BB,5,3,3,698,12:51:00,13:11:00,29.1,13:15:00,13:35:00,29.2,100+4,1188.538
20221116,Patch-rim,3,47,PAST-G0560,PAST,BB,4,4,4,580,12:51:00,13:11:00,29.1,13:15:00,13:35:00,29.2,100+4,1501.522
20221116,Patch-rim,3,47,PAST-F0207,PAST,HR,4,5,5,588,12:51:00,13:11:00,29.1,13:15:00,13:35:00,29.2,100+4,1383.122
20221116,Patch-rim,3,47,PAST-D0418,PAST,HR,4,6,6,565,12:51:00,13:11:00,29.1,13:15:00,13:35:00,29.2,100+4,1687.377
20221116,Patch-rim,3,47,PAST-E0228,PAST,HR,4,7,7,570,12:51:00,13:11:00,29.1,13:15:00,13:35:00,29.2,100+4,1628.556
20221116,Patch-rim,3,47,PAST-F0293,PAST,BB,4,8,8,585,12:51:00,13:11:00,29.1,13:15:00,13:35:00,29.2,100+4,1141.595
20221116,Thermal,4,48,PAST-D0810,PAST,BB,4,1,1,592,14:34:00,14:54:00,29,14:58:00,15:18:00,29.2,100+4,1083.142
20221116,Thermal,4,48,DLAB-E0891,DLAB,BB,4,2,2,593,14:34:00,14:54:00,29,14:58:00,15:18:00,29.2,100+4,1221.354
20221116,Thermal,4,48,PAST-C0600,PAST,BB,4,3,3,598,14:34:00,14:54:00,29,14:58:00,15:18:00,29.2,100+4,2070.406
20221116,Thermal,4,48,MCAV-C0863,MCAV,BB,4,4,4,590,14:34:00,14:54:00,29,14:58:00,15:18:00,29.2,100+4,1268.469
20221116,Thermal,4,48,MCAV-D0662,MCAV,BB,4,5,5,601,14:34:00,14:54:00,29,14:58:00,15:18:00,29.2,100+4,1146.885
20221116,Thermal,4,48,BLNK-BL024,BLANK,BB,NA,6,6,619,14:34:00,14:54:00,29,14:58:00,15:18:00,29.2,100+4,
20221116,Thermal,4,48,DLAB-D0018,DLAB,BB,4,8,8,694,14:34:00,14:54:00,29,14:58:00,15:18:00,29.2,100+4,1217.014
20221116,Thermal,5,49,MCAV-IMC13,MCAV,BB,in-situ,2,2,601,16:03:00,16:23:00,25.8,16:26:00,16:46:00,25.8,100+4,651.564
20221116,Thermal,5,49,PAST-IPA16,PAST,BB,in-situ,3,3,590,16:03:00,16:23:00,25.8,16:26:00,16:46:00,25.8,100+4,1438.587
20221116,Thermal,5,49,PAST-IPA13,PAST,BB,in-situ,4,4,592,16:03:00,16:23:00,25.8,16:26:00,16:46:00,25.8,100+4,1973.75
20221116,Thermal,5,49,BLNK-BL025,BLANK,BB,in-situ,5,5,694,16:03:00,16:23:00,25.8,16:26:00,16:46:00,25.8,100+4,2359.889
20221116,Thermal,5,49,PAST-IPA15,PAST,BB,in-situ,6,6,598,16:03:00,16:23:00,25.8,16:26:00,16:46:00,25.8,100+4,600.918
20221116,Thermal,5,49,PAST-IPA14,PAST,BB,in-situ,7,7,593,16:03:00,16:23:00,25.8,16:26:00,16:46:00,25.8,100+4,1934.476
20221116,Thermal,5,49,MCAV-IMC14,MCAV,BB,in-situ,8,8,619,16:03:00,16:23:00,25.8,16:26:00,16:46:00,25.8,100+4,
20221116,Thermal,6,50,DLAB-IDL15,DLAB,BB,in-situ,2,2,546,17:19:00,17:39:00,25.5,17:41:00,18:01:00,25.3,100+4,3153.379
20221116,Thermal,6,50,DLAB-IDL14,DLAB,BB,in-situ,3,3,560,17:19:00,17:39:00,25.5,17:41:00,18:01:00,25.3,100+4,1949.74
20221116,Thermal,6,50,DLAB-IDL13,DLAB,BB,in-situ,4,4,562,17:19:00,17:39:00,25.5,17:41:00,18:01:00,25.3,100+4,1642.162
20221116,Thermal,6,50,MCAV-IMC16,MCAV,BB,in-situ,5,5,584,17:19:00,17:39:00,25.5,17:41:00,18:01:00,25.3,100+4,1550.782
20221116,Thermal,6,50,DLAB-IDL16,DLAB,BB,in-situ,6,6,558,17:19:00,17:39:00,25.5,17:41:00,18:01:00,25.3,100+4,1878.237
20221116,Thermal,6,50,MCAV-IMC15,MCAV,BB,in-situ,8,8,564,17:19:00,17:39:00,25.5,17:41:00,18:01:00,25.3,100+4,1593.28