No.,F,Fm,PAR,Y(II),ETR,TAG,History,Treatment,Time Point,Experiment,Species ,Colony,,,,
1514,609,1227,0,0.504,0,520,,31,T1,HR/BB,,,,,,
1515,519,915,0,0.433,0,627,,31,T1,HR/BB,,,,,,
1516,742,890,0,0.166,0,780,,31,T1,HR/BB,,,,,,
1517,422,873,0,0.517,0,203,,31,T1,HR/BB,,,,,,
1518,921,1196,0,0.23,0,805,,31,T1,HR/BB,,,,,,
1519,713,920,0,0.225,0,471,,31,T1,HR/BB,,,,,,
1520,759,995,0,0.237,0,231,,31,T1,HR/BB,,,,,,
1521,539,830,0,0.351,0,218,,31,T1,HR/BB,,,,,,
1522,599,861,0,0.304,0,509,,31,T1,HR/BB,,,,,,
1523,685,868,0,0.211,0,522,,31,T1,HR/BB,,,,,,
1524,514,616,0,0.166,0,682,,31,T1,HR/BB,,,,,,
1525,634,1216,0,0.479,0,767,,31,T1,HR/BB,,,,,,
1526,581,973,0,0.403,0,192,,31,T1,HR/BB,,,,,,
1527,637,1162,0,0.452,0,926,,31,T1,HR/BB,,,,,,
1528,660,1215,0,0.457,0,702,,31,T1,HR/BB,,,,,,
1529,688,1331,0,0.483,0,706,,31,T1,HR/BB,,,,,,
1530,769,1343,0,0.427,0,800,,31,T1,HR/BB,,,,,,
1531,598,980,0,0.39,0,530,,31,T1,HR/BB,,,,,,
1532,636,915,0,0.305,0,574,,31,T1,HR/BB,,,,,,
1533,776,1147,0,0.323,0,786,,31,T1,HR/BB,,,,,,
1534,248,326,0,0.239,0,226,,31,T1,HR/BB,,,,,,
1535,396,627,0,0.368,0,224,,31,T1,HR/BB,,,,,,
1536,482,740,0,0.349,0,558,,31,T1,HR/BB,,,,,,
1537,399,530,0,0.247,0,208,,31,T1,HR/BB,,,,,,
1538,205,423,0,0.515,0,838,,31,T1,HR/BB,,,,,,
1539,685,783,0,0.125,0,649,,31,T1,HR/BB,,,,,,
1540,584,680,0,0.141,0,648,,31,T1,HR/BB,,,,,,
1541,667,1003,0,0.335,0,908,,31,T1,HR/BB,,,,,,
1542,404,699,0,0.422,0,407,,31,T1,HR/BB,,,,,,
1543,425,659,0,0.355,0,503,,31,T1,HR/BB,,,,,,
1544,430,725,0,0.407,0,223,,31,T1,HR/BB,,,,,,
1545,430,783,0,0.451,0,654,,31,T1,HR/BB,,,,,,
1546,512,766,0,0.332,0,599,,31,T1,HR/BB,,,,,,
1547,432,781,0,0.447,0,782,,31,T1,HR/BB,,,,,,
1548,403,699,0,0.423,0,704,,31,T1,HR/BB,,,,,,
1549,515,867,0,0.406,0,811,,31,T1,HR/BB,,,,,,
1550,600,957,0,0.373,0,477,,31,T1,HR/BB,,,,,,
1551,408,639,0,0.362,0,191,,31,T1,HR/BB,,,,,,
1552,512,816,0,0.373,0,847,,31,T1,HR/BB,,,,,,
1553,745,1137,0,0.345,0,517,,31,T1,HR/BB,,,,,,
1554,731,1074,0,0.319,0,867,,31,T1,HR/BB,,,,,,
1555,544,780,0,0.303,0,766,,31,T1,HR/BB,,,,,,
1556,792,906,0,0.126,0,839,,31,T1,HR/BB,,,,,,
1557,603,842,0,0.284,0,587,,31,T1,HR/BB,,,,,,
1558,225,468,0,0.519,0,538,,31,T1,HR/BB,,,,,,
1559,418,689,0,0.393,0,583,,31,T1,HR/BB,,,,,,
1560,453,771,0,0.412,0,1021,,31,T1,HR/BB,,,,,,
1561,574,798,0,0.281,0,949,,31,T1,HR/BB,,,,,,
1562,454,704,0,0.355,0,833,,31,T1,HR/BB,,,,,,
1563,564,959,0,0.412,0,559,,31,T1,HR/BB,,,,,,
1564,575,1023,0,0.438,0,608,,31,T1,HR/BB,,,,,,
1565,315,616,0,0.489,0,293,,31,T1,HR/BB,,,,,,
1566,462,681,0,0.322,0,550,,31,T1,HR/BB,,,,,,
1567,304,670,0,0.546,0,765,,31,T1,HR/BB,,,,,,
1568,402,553,0,0.273,0,205,,31,T1,HR/BB,,,,,,
1569,573,1073,0,0.466,0,1001,,31,T1,HR/BB,,,,,,
1570,547,706,0,0.225,0,560,,31,T1,HR/BB,,,,,,
1571,366,677,0,0.459,0,773,,31,T1,HR/BB,,,,,,
1572,87,126,0,0.31,0,668,,31,T1,HR/BB,,,,,,
1573,533,991,0,0.462,0,689,,31,T1,HR/BB,,,,,,
1574,399,693,0,0.424,0,311,,31,T1,HR/BB,,,,,,
1575,399,562,0,0.29,0,729,,31,T1,HR/BB,,,,,,
1576,519,795,0,0.347,0,896,,31,T1,HR/BB,,,,,,
1577,740,1229,0,0.398,0,820,,31,T1,HR/BB,,,,,,
1578,508,785,0,0.353,0,491,,31,T1,HR/BB,,,,,,
1579,424,620,0,0.316,0,764,,31,T1,HR/BB,,,,,,
1580,502,683,0,0.265,0,216,,31,T1,HR/BB,,,,,,
1581,477,691,0,0.31,0,719,,31,T1,HR/BB,,,,,,
1582,608,943,0,0.355,0,525,,31,T1,HR/BB,,,,,,
1583,784,1172,0,0.331,0,500,,31,T1,HR/BB,,,,,,
1584,517,724,0,0.286,0,40,,31,T1,HR/BB,,,,,,
1585,722,941,0,0.233,0,834,,31,T1,HR/BB,,,,,,
1586,657,883,0,0.256,0,204,,31,T1,HR/BB,,,,,,
1587,489,657,0,0.256,0,722,,31,T1,HR/BB,,,,,,
1588,627,899,0,0.303,0,771,,31,T1,HR/BB,,,,,,
1589,578,1204,0,0.52,0,81,,31,T1,HR/BB,,,,,,
1590,608,1234,0,0.507,0,370,,31,T1,HR/BB,,,,,,
1591,372,467,0,0.203,0,914,,31,T1,HR/BB,,,,,,
1592,893,1235,0,0.277,0,342,,31,T1,HR/BB,,,,,,
1593,958,1432,0,0.331,0,939,,31,T1,HR/BB,,,,,,
1594,819,1364,0,0.4,0,309,,31,T1,HR/BB,,,,,,
1595,497,677,0,0.266,0,893,,31,T1,HR/BB,,,,,,
1596,659,1085,0,0.393,0,609,,31,T1,HR/BB,,,,,,
1598,505,1097,0,0.54,0,684,,28,T1,HR/BB,,,,,,
1599,471,1021,0,0.539,0,585,,28,T1,HR/BB,,,,,,
1600,595,773,0,0.23,0,757,,28,T1,HR/BB,,,,,,
1601,452,812,0,0.443,0,266,,28,T1,HR/BB,,,,,,
1602,434,1009,0,0.57,0,526,,28,T1,HR/BB,,,,,,
1603,526,856,0,0.386,0,902,,28,T1,HR/BB,,,,,,
1604,503,985,0,0.489,0,330,,28,T1,HR/BB,,,,,,
1605,230,474,0,0.515,0,22,,28,T1,HR/BB,,,,,,
1606,421,497,0,0.153,0,295,,28,T1,HR/BB,,,,,,
1607,645,733,0,0.12,0,645,,28,T1,HR/BB,,,,,,
1608,436,682,0,0.361,0,671,,28,T1,HR/BB,,,,,,
1609,348,450,0,0.227,0,1010,,28,T1,HR/BB,,,,,,
1610,277,407,0,0.319,0,812,,28,T1,HR/BB,,,,,,
1611,195,311,0,0.373,0,927,,28,T1,HR/BB,,,,,,
1612,338,509,0,0.336,0,190,,28,T1,HR/BB,,,,,,
1613,301,436,0,0.31,0,355,,28,T1,HR/BB,,,,,,
1614,420,622,0,0.325,0,677,,28,T1,HR/BB,,,,,,
1615,329,488,0,0.326,0,825,,28,T1,HR/BB,,,,,,
1617,87,137,0,0.365,0,493,,28,T1,HR/BB,,,,,,
1618,320,403,0,0.206,0,418,,28,T1,HR/BB,,,,,,
1619,351,424,0,0.172,0,32,,28,T1,HR/BB,,,,,,
1620,387,433,0,0.106,0,622,,28,T1,HR/BB,,,,,,
1621,194,256,0,0.242,0,474,,28,T1,HR/BB,,,,,,
1622,173,196,0,0.117,0,700,,28,T1,HR/BB,,,,,,
1623,318,452,0,0.296,0,338,,28,T1,HR/BB,,,,,,
1624,115,178,0,0.354,0,809,,28,T1,HR/BB,,,,,,
1625,201,270,0,0.256,0,844,,28,T1,HR/BB,,,,,,
1626,73,133,0,0.451,0,996,,28,T1,HR/BB,,,,,,
1627,228,312,0,0.269,0,307,,28,T1,HR/BB,,,,,,
1628,210,265,0,0.208,0,227,,28,T1,HR/BB,,,,,,
1630,531,1089,0,0.512,0,944,,28,T1,HR/BB,,,,,,
1631,494,1053,0,0.531,0,727,,28,T1,HR/BB,,,,,,
1632,475,1010,0,0.53,0,1019,,28,T1,HR/BB,,,,,,
1633,517,949,0,0.455,0,510,,28,T1,HR/BB,,,,,,
1634,546,1069,0,0.489,0,568,,28,T1,HR/BB,,,,,,
1635,505,1047,0,0.518,0,228,,28,T1,HR/BB,,,,,,
1636,497,1040,0,0.522,0,819,,28,T1,HR/BB,,,,,,
1637,469,970,0,0.516,0,467,,28,T1,HR/BB,,,,,,
1638,577,679,0,0.15,0,382,,28,T1,HR/BB,,,,,,
1639,448,587,0,0.237,0,806,,28,T1,HR/BB,,,,,,
1640,683,771,0,0.114,0,815,,28,T1,HR/BB,,,,,,
1641,450,802,0,0.439,0,790,,28,T1,HR/BB,,,,,,
1642,445,769,0,0.421,0,176,,28,T1,HR/BB,,,,,,
1643,445,881,0,0.495,0,217,,28,T1,HR/BB,,,,,,
1644,411,747,0,0.45,0,956,,28,T1,HR/BB,,,,,,
1645,392,510,0,0.231,0,207,,28,T1,HR/BB,,,,,,
1646,542,1132,0,0.521,0,628,,28,T1,HR/BB,,,,,,
1647,510,705,0,0.277,0,692,,28,T1,HR/BB,,,,,,
1648,429,557,0,0.23,0,653,,28,T1,HR/BB,,,,,,
1649,435,533,0,0.184,0,220,,28,T1,HR/BB,,,,,,
1650,396,446,0,0.112,0,798,,28,T1,HR/BB,,,,,,
1651,457,540,0,0.154,0,984,,28,T1,HR/BB,,,,,,
1652,363,481,0,0.245,0,592,,28,T1,HR/BB,,,,,,
1653,384,508,0,0.244,0,531,,28,T1,HR/BB,,,,,,
1654,473,1082,0,0.563,0,808,,28,T1,HR/BB,,,,,,
1655,492,737,0,0.332,0,686,,28,T1,HR/BB,,,,,,
1656,602,1075,0,0.44,0,625,,28,T1,HR/BB,,,,,,
1657,643,917,0,0.299,0,188,,28,T1,HR/BB,,,,,,
1658,547,1096,0,0.501,0,582,,28,T1,HR/BB,,,,,,
1659,632,1171,0,0.46,0,810,,28,T1,HR/BB,,,,,,
1660,826,1120,0,0.263,0,597,,28,T1,HR/BB,,,,,,
1661,689,1221,0,0.436,0,969,,28,T1,HR/BB,,,,,,
1662,634,1103,0,0.425,0,547,,28,T1,HR/BB,,,,,,
1663,575,889,0,0.353,0,829,,28,T1,HR/BB,,,,,,
1664,582,1041,0,0.441,0,206,,28,T1,HR/BB,,,,,,
1665,580,1013,0,0.427,0,541,,28,T1,HR/BB,,,,,,
1666,459,749,0,0.387,0,718,,28,T1,HR/BB,,,,,,
1667,386,536,0,0.28,0,940,,28,T1,HR/BB,,,,,,
1668,361,565,0,0.361,0,1032,,28,T1,HR/BB,,,,,,
1669,671,1245,0,0.461,0,225,,28,T1,HR/BB,,,,,,
1671,459,982,0,0.533,0,294,,31,T1,3,,,,,,
1672,542,1081,0,0.499,0,22,,31,T1,3,,,,,,
1673,1054,1224,0,0.139,0,789,,31,T1,3,,,,,,
1674,949,1120,0,0.153,0,594,,31,T1,3,,,,,,
1675,1091,1371,0,0.204,0,903,,31,T1,3,,,,,,
1676,840,990,0,0.152,0,783,,31,T1,3,,,,,,
1677,854,1024,0,0.166,0,952,,31,T1,3,,,,,,
1678,701,1024,0,0.315,0,527,,31,T1,3,,,,,,
1679,812,1128,0,0.28,0,336,,31,T1,3,,,,,,
1680,642,853,0,0.247,0,638,,31,T1,3,,,,,,
1681,740,1069,0,0.308,0,711,,31,T1,3,,,,,,
1682,770,1348,0,0.429,0,761,,31,T1,3,,,,,,
1683,548,884,0,0.38,0,817,,31,T1,3,,,,,,
1685,447,965,0,0.537,0,499,,31,T1,3,,,,,,
1686,395,786,0,0.497,0,1014,,31,T1,3,,,,,,
1687,819,1663,0,0.508,0,567,,31,T1,3,,,,,,
1688,717,1503,0,0.523,0,632,,31,T1,3,,,,,,
1689,692,1253,0,0.448,0,824,,31,T1,3,,,,,,
1690,483,521,0,0.073,0,321,,31,T1,3,,,,,,
1691,417,861,0,0.516,0,828,,31,T1,3,,,,,,
1692,303,661,0,0.542,0,919,,31,T1,3,,,,,,
1693,440,1069,0,0.588,0,851,,31,T1,3,,,,,,
1694,399,964,0,0.586,0,803,,31,T1,3,,,,,,
1695,437,980,0,0.554,0,905,,31,T1,3,,,,,,
1697,478,1055,0,0.547,0,931,,28,T1,3,,,,,,
1698,509,1144,0,0.555,0,297,,28,T1,3,,,,,,
1699,424,951,0,0.554,0,892,,28,T1,3,,,,,,
1700,904,1203,0,0.249,0,862,,28,T1,3,,,,,,
1701,888,1017,0,0.127,0,490,,28,T1,3,,,,,,
1702,786,1101,0,0.286,0,962,,28,T1,3,,,,,,
1703,893,1116,0,0.2,0,536,,28,T1,3,,,,,,
1704,614,1021,0,0.399,0,598,,28,T1,3,,,,,,
1705,971,1565,0,0.38,0,712,,28,T1,3,,,,,,
1706,774,1271,0,0.391,0,911,,28,T1,3,,,,,,
1707,750,1182,0,0.365,0,761,,28,T1,3,,,,,,
1708,778,1388,0,0.439,0,830,,28,T1,3,,,,,,
1709,545,1389,0,0.608,0,487,,28,T1,3,,,,,,
1710,714,1665,0,0.571,0,564,,28,T1,3,,,,,,
1711,458,1017,0,0.55,0,995,,28,T1,3,,,,,,
1712,593,1312,0,0.548,0,818,,28,T1,3,,,,,,
1713,378,928,0,0.593,0,656,,28,T1,3,,,,,,
1714,495,1185,0,0.582,0,837,,28,T1,3,,,,,,
1715,425,1031,0,0.588,0,523,,28,T1,3,,,,,,
1716,472,1144,0,0.587,0,519,,28,T1,3,,,,,,
1717,395,995,0,0.603,0,842,,28,T1,3,,,,,,
1719,979,1170,0,0.163,0,768,,28,T1,3,,,,,,
1720,881,1674,0,0.474,0,542,,28,T1,3,,,,,,
1721,608,985,0,0.383,0,486,,28,T1,3,,,,,,
1722,705,930,0,0.242,0,666,,28,T1,3,,,,,,
1723,864,1787,0,0.517,0,572,,28,T1,3,,,,,,
1724,290,663,0,0.563,0,210,,28,T1,3,,,,,,
1725,415,1038,0,0.6,0,485,,28,T1,3,,,,,,
1726,564,1090,0,0.483,0,686,,28,T1,3,,,,,,
1727,416,945,0,0.56,0,929,,28,T1,3,,,,,,
1728,973,1279,0,0.239,0,352,,28,T1,3,,,,,,
1729,206,315,0,0.346,0,669,,28,T1,3,,,,,,
1730,726,1171,0,0.38,0,820,,28,T1,3,,,,,,
1731,526,717,0,0.266,0,769,,28,T1,3,,,,,,
1732,663,1001,0,0.338,0,621,,28,T1,3,,,,,,
1733,511,1287,0,0.603,0,1031,,28,T1,3,,,,,,
1734,545,1047,0,0.479,0,871,,28,T1,3,,,,,,
1735,683,1558,0,0.562,0,,,28,T1,3,,,,,,
1736,241,562,0,0.571,0,855,,28,T1,3,,,,,,
1737,427,1176,0,0.637,0,756,,28,T1,3,,,,,,
1738,505,1317,0,0.617,0,946,,28,T1,3,,,,,,
1740,580,1018,0,0.43,0,695D,,31,T1,3,,,,,,
1741,970,1368,0,0.291,0,557,,31,T1,3,,,,,,
1742,750,1101,0,0.319,0,93,,31,T1,3,,,,,,
1743,428,804,0,0.468,0,486,,31,T1,3,,,,,,
1744,557,691,0,0.194,0,521,,31,T1,3,,,,,,
1745,788,852,0,0.075,0,794,,31,T1,3,,,,,,
1746,924,1060,0,0.128,0,816,,31,T1,3,,,,,,
1748,717,1022,0,0.298,0,610,,31,T1,3,,,,,,
1749,911,1341,0,0.321,0,811,,31,T1,3,,,,,,
1750,800,985,0,0.188,0,791,,31,T1,3,,,,,,
1751,781,956,0,0.183,0,814,,31,T1,3,,,,,,
1752,941,1149,0,0.181,0,574,,31,T1,3,,,,,,
1753,288,498,0,0.422,0,617M,,31,T1,3,,,,,,
1754,845,1658,0,0.49,0,107,,31,T1,3,,,,,,
1755,437,527,0,0.171,0,468,,31,T1,3,,,,,,
1756,461,947,0,0.513,0,804,,31,T1,3,,,,,,
1757,612,1298,0,0.529,0,936,,31,T1,3,,,,,,
1758,618,1229,0,0.497,0,816,,31,T1,3,,,,,,
1759,613,1046,0,0.414,0,1022,,31,T1,3,,,,,,
1760,365,752,0,0.515,0,263,,31,T1,3,,,,,,
1761,483,1084,0,0.554,0,603,,31,T1,3,,,,,,
1762,513,1184,0,0.567,0,478,,31,T1,3,,,,,,
1763,548,1233,0,0.556,0,690,,31,T1,3,,,,,,
3673,208,372,0,0.441,0,903,31,31,T2,3,,,,,,
3674,215,334,0,0.356,0,294,28,31,T2,3,,,,,,
3675,243,430,0,0.435,0,21,28,31,T2,3,,,,,,
3676,773,930,0,0.169,0,890,31,31,T2,3,,,,,,
3677,426,469,0,0.092,0,783,31,31,T2,3,,,,,,
3678,675,917,0,0.264,0,711,31,31,T2,3,,,,,,
3679,365,536,0,0.319,0,992,31,31,T2,3,,,,,,
3680,619,1083,0,0.428,0,761,31,31,T2,3,,,,,,
3681,362,768,0,0.529,0,817,31,31,T2,3,,,,,,
3683,39,81,0,0.519,0,828,31,31,T2,3,,,,,,
3684,202,416,0,0.514,0,851,31,31,T2,3,,,,,,
3685,40,74,0,0.459,0,919,31,31,T2,3,,,,,,
3686,378,460,0,0.178,0,824,31,31,T2,3,,,,,,
3687,803,1162,0,0.309,0,632,31,31,T2,3,,,,,,
3688,268,522,0,0.487,0,567,31,31,T2,3,,,,,,
3689,45,69,0,0.348,0,1014,31,31,T2,3,,,,,,
3690,31,94,0,0.670,0,905,31,31,T2,3,,,,,,
3691,155,302,0,0.487,0,803,31,31,T2,3,,,,,,
3692,203,319,0,0.364,0,594,28,31,T2,3,,,,,,
3693,510,673,0,0.242,0,527,28,31,T2,3,,,,,,
3694,580,762,0,0.239,0,789,28,31,T2,3,,,,,,
3695,599,938,0,0.361,0,3556,28,31,T2,3,,,,,,
3696,321,490,0,0.345,0,638,28,31,T2,3,,,,,,
3697,309,566,0,0.454,0,499,28,31,T2,3,,,,,,
3698,34,79,0,0.570,0,321,28,31,T2,3,,,,,,
3702,321,789,0,0.593,0,892,28,28,T2,3,,,,,,
3703,371,872,0,0.575,0,297,28,28,T2,3,,,,,,
3704,424,920,0,0.539,0,931,28,28,T2,3,,,,,,
3705,834,1030,0,0.190,0,536,28,28,T2,3,,,,,,
3706,842,1225,0,0.313,0,598,28,28,T2,3,,,,,,
3707,651,894,0,0.272,0,712,28,28,T2,3,,,,,,
3708,559,1397,0,0.600,0,487,28,28,T2,3,,,,,,
3709,438,1204,0,0.636,0,519,28,28,T2,3,,,,,,
3710,456,1034,0,0.559,0,995,28,28,T2,3,,,,,,
3711,468,1127,0,0.585,0,523,28,28,T2,3,,,,,,
3712,606,1628,0,0.628,0,564,28,28,T2,3,,,,,,
3713,920,1112,0,0.173,0,962,31,28,T2,3,,,,,,
3714,673,1150,0,0.415,0,830,31,28,T2,3,,,,,,
3718,710,987,0,0.281,0,761,31,28,T2,3,,,,,,
3719,963,1247,0,0.228,0,862,31,28,T2,3,,,,,,
3720,829,963,0,0.139,0,490,31,28,T2,3,,,,,,
3721,747,1069,0,0.301,0,911,31,28,T2,3,,,,,,
3722,498,1101,0,0.548,0,818,31,28,T2,3,,,,,,
3723,444,1129,0,0.607,0,842,31,28,T2,3,,,,,,
3724,337,994,0,0.661,0,656,31,28,T2,3,,,,,,
3725,386,1029,0,0.625,0,837,31,28,T2,3,,,,,,
3729,30,73,0,0.589,0,468,28,28,T2,3,,,,,,
3730,651,755,0,0.138,0,107,28,28,T2,3,,,,,,
3731,80,146,0,0.452,0,617,28,28,T2,3,,,,,,
3732,209,390,0,0.464,0,603,28,28,T2,3,,,,,,
3733,95,149,0,0.362,0,263,28,28,T2,3,,,,,,
3734,131,232,0,0.435,0,1022,28,28,T2,3,,,,,,
3735,150,269,0,0.442,0,478,28,28,T2,3,,,,,,
3736,159,271,0,0.413,0,690,28,28,T2,3,,,,,,
3737,245,321,0,0.237,0,574,28,28,T2,3,,,,,,
3738,564,785,0,0.282,0,610,28,28,T2,3,,,,,,
3739,292,466,0,0.373,0,93,28,28,T2,3,,,,,,
3740,718,906,0,0.208,0,557,28,28,T2,3,,,,,,
3741,204,405,0,0.496,0,480,31,28,T2,3,,,,,,
3742,376,684,0,0.450,0,695,28,28,T2,3,,,,,,
3743,241,395,0,0.390,0,936,31,28,T2,3,,,,,,
3744,158,269,0,0.413,0,804,31,28,T2,3,,,,,,
3745,287,440,0,0.348,0,816,31,28,T2,3,,,,,,
3746,725,903,0,0.197,0,811,31,28,T2,3,,,,,,
3747,582,738,0,0.211,0,814,31,28,T2,3,,,,,,
3748,769,876,0,0.122,0,791,31,28,T2,3,,,,,,
3749,319,398,0,0.198,0,816,31,28,T2,3,,,,,,
3750,325,457,0,0.289,0,794,31,28,T2,3,,,,,,
3751,256,368,0,0.304,0,521,31,28,T2,3,,,,,,
3753,451,804,0,0.439,0,855,31,28,T2,3,,,,,,
3754,426,1138,0,0.626,0,756,31,28,T2,3,,,,,,
3755,615,1329,0,0.537,0,871,31,28,T2,3,,,,,,
3756,877,1333,0,0.342,0,352,31,28,T2,3,,,,,,
3757,836,1165,0,0.282,0,968,31,28,T2,3,,,,,,
3758,960,1364,0,0.296,0,769,31,28,T2,3,,,,,,
3759,836,1682,0,0.503,0,1031,31,28,T2,3,,,,,,
3760,499,1188,0,0.580,0,621,31,28,T2,3,,,,,,
3761,437,1085,0,0.597,0,680,31,28,T2,3,,,,,,
3762,327,914,0,0.642,0,929,31,28,T2,3,,,,,,
3763,727,1021,0,0.288,0,820,31,28,T2,3,,,,,,
3764,144,191,0,0.246,0,669,31,28,T2,3,,,,,,
3765,428,1061,0,0.597,0,485,28,28,T2,3,,,,,,
3766,285,722,0,0.605,0,210,28,28,T2,3,,,,,,
3767,327,913,0,0.642,0,946,31,28,T2,3,,,,,,
3768,531,1667,0,0.681,0,572,28,28,T2,3,,,,,,
3769,852,1450,0,0.412,0,542,28,28,T2,3,,,,,,
3770,543,882,0,0.384,0,486,28,28,T2,3,,,,,,
3771,661,1117,0,0.408,0,666,28,28,T2,3,,,,,,
3772,282,653,0,0.568,0,861,,28,T2,,,,,,,
3548,476,587,0,0.189,0,698,,,T2,BB/HR,,,,,,
3549,358,521,0,0.313,0,608,28,,T2,BB/HR,,,,,,
3550,234,334,0,0.299,0,927,28,,T2,BB/HR,,,,,,
3551,811,1283,0,0.368,0,939,31,,T2,BB/HR,,,,,,
3552,742,1038,0,0.285,0,40,31,,T2,BB/HR,,,,,,
3553,572,816,0,0.299,0,206,28,,T2,BB/HR,,,,,,
3554,592,967,0,0.388,0,944,28,,T2,BB/HR,,,,,,
3555,442,836,0,0.471,0,585,28,,T2,BB/HR,,,,,,
3556,318,382,0,0.168,0,914,28,,T2,BB/HR,,,,,,
3557,510,622,0,0.180,0,205,31,,T2,BB/HR,,,,,,
3558,379,618,0,0.387,0,176,31,,T2,BB/HR,,,,,,
3559,134,198,0,0.323,0,984,31,,T2,BB/HR,,,,,,
3560,479,894,0,0.464,0,568,31,,T2,BB/HR,,,,,,
3561,604,1108,0,0.455,0,819,,,T2,BB/HR,,,,,,
3562,533,900,0,0.408,0,,,,T2,BB/HR,,,,,,
3563,129,204,0,0.368,0,668,31,,T2,BB/HR,,,,,,
3564,521,776,0,0.329,0,491,31,,T2,BB/HR,,,,,,
3565,702,843,0,0.167,0,780,28,,T2,BB/HR,,,,,,
3566,523,672,0,0.222,0,719,31,,T2,BB/HR,,,,,,
3567,522,673,0,0.224,0,940,31,,T2,BB/HR,,,,,,
3568,708,851,0,0.168,0,382,28,,T2,BB/HR,,,,,,
3569,635,869,0,0.269,0,68,,,T2,BB/HR,,,,,,
3570,465,532,0,0.126,0,220,28,,T2,BB/HR,,,,,,
3571,809,1193,0,0.322,0,609,31,,T2,BB/HR,,,,,,
3572,470,940,0,0.500,0,582,31,,T2,BB/HR,,,,,,
3573,344,483,0,0.288,0,592,31,,T2,BB/HR,,,,,,
3574,554,796,0,0.304,0,896,28,,T2,BB/HR,,,,,,
3575,211,364,0,0.420,0,307,31,,T2,BB/HR,,,,,,
3576,574,1183,0,0.515,0,808,28,,T2,BB/HR,,,,,,
3577,289,390,0,0.259,0,418,31,,T2,BB/HR,,,,,,
3578,534,579,0,0.078,0,216,31,,T2,BB/HR,,,,,,
3579,520,709,0,0.267,0,218,31,,T2,BB/HR,,,,,,
3580,553,717,0,0.229,0,677,28,,T2,BB/HR,,,,,,
3581,421,853,0,0.506,0,330,31,,T2,BB/HR,,,,,,
3582,744,1179,0,0.369,0,702,28,,T2,BB/HR,,,,,,
3583,821,1026,0,0.200,0,231,31,,T2,BB/HR,,,,,,
3584,641,1109,0,0.422,0,628,31,,T2,BB/HR,,,,,,
3585,352,648,0,0.457,0,684,28,,T2,BB/HR,,,,,,
3586,572,650,0,0.120,0,682,28,,T2,BB/HR,,,,,,
3587,449,517,0,0.132,0,208,28,,T2,BB/HR,,,,,,
3588,426,632,0,0.326,0,811,31,,T2,BB/HR,,,,,,
3589,455,532,0,0.145,0,571,31,,T2,BB/HR,,,,,,
3590,496,693,0,0.284,0,782,31,,T2,BB/HR,,,,,,
3591,578,937,0,0.383,0,767,28,,T2,BB/HR,,,,,,
3592,553,905,0,0.389,0,293,31,,T2,BB/HR,,,,,,
3593,914,1022,0,0.106,0,839,31,,T2,BB/HR,,,,,,
3594,478,1042,0,0.541,0,526,31,,T2,BB/HR,,,,,,
3595,684,934,0,0.268,0,847,28,,T2,BB/HR,,,,,,
3596,118,221,0,0.466,0,838,31,,T2,BB/HR,,,,,,
3597,659,907,0,0.273,0,599,31,,T2,BB/HR,,,,,,
3598,324,395,0,0.180,0,844,31,,T2,BB/HR,,,,,,
3599,475,630,0,0.246,0,503,28,,T2,BB/HR,,,,,,
3600,547,853,0,0.359,0,224,28,,T2,BB/HR,,,,,,
3601,500,853,0,0.414,0,689,31,,T2,BB/HR,,,,,,
3602,371,465,0,0.202,0,671,31,,T2,BB/HR,,,,,,
3603,329,370,0,0.111,0,622,31,,T2,BB/HR,,,,,,
3604,184,218,0,0.156,0,700,28,,T2,BB/HR,,,,,,
3605,248,383,0,0.352,0,190,28,,T2,BB/HR,,,,,,
3606,323,418,0,0.227,0,338,31,,T2,BB/HR,,,,,,
3607,274,373,0,0.265,0,583,28,,T2,BB/HR,,,,,,
3608,522,823,0,0.366,0,530,31,,T2,BB/HR,,,,,,
3609,392,780,0,0.497,0,510,28,,T2,BB/HR,,,,,,
3610,402,715,0,0.438,0,833,28,,T2,BB/HR,,,,,,
3611,478,818,0,0.416,0,203,28,,T2,BB/HR,,,,,,
3613,357,461,0,0.226,0,825,28,,T2,BB/HR,,,,,,
3614,332,454,0,0.269,0,812,28,,T2,BB/HR,,,,,,
3615,325,646,0,0.497,0,266,28,,T2,BB/HR,,,,,,
3616,265,462,0,0.426,0,22,31,,T2,BB/HR,,,,,,
3617,608,797,0,0.237,0,509,31,,T2,BB/HR,,,,,,
3618,725,849,0,0.146,0,522,31,,T2,BB/HR,,,,,,
3619,455,1068,0,0.574,0,520,28,,T2,BB/HR,,,,,,
3620,490,834,0,0.412,0,627,28,,T2,BB/HR,,,,,,
3621,352,542,0,0.351,0,295,28,,T2,BB/HR,,,,,,
3622,487,1138,0,0.572,0,727,28,,T2,BB/HR,,,,,,
3623,101,158,0,0.361,0,493,31,,T2,BB/HR,,,,,,
3624,198,263,0,0.247,0,227,31,,T2,BB/HR,,,,,,
3625,175,302,0,0.421,0,809,31,,T2,BB/HR,,,,,,
3626,377,554,0,0.319,0,692,28,,T2,BB/HR,,,,,,
3627,476,983,0,0.516,0,467,31,,T2,BB/HR,,,,,,
3628,372,609,0,0.389,0,790,28,,T2,BB/HR,,,,,,
3629,323,502,0,0.357,0,956,31,,T2,BB/HR,,,,,,
3630,333,429,0,0.224,0,1010,31,,T2,BB/HR,,,,,,
3631,481,577,0,0.166,0,645,31,,T2,BB/HR,,,,,,
3632,562,1166,0,0.518,0,800,31,,T2,BB/HR,,,,,,
3633,543,739,0,0.265,0,908,31,,T2,BB/HR,,,,,,
3634,416,899,0,0.537,0,786,28,,T2,BB/HR,,,,,,
3635,615,1022,0,0.398,0,926,28,,T2,BB/HR,,,,,,
3636,467,622,0,0.249,0,558,28,,T2,BB/HR,,,,,,
3637,301,360,0,0.164,0,474,28,,T2,BB/HR,,,,,,
3638,471,1022,0,0.539,0,407,28,,T2,BB/HR,,,,,,
3639,397,517,0,0.232,0,531,31,,T2,BB/HR,,,,,,
3640,331,635,0,0.479,0,217,31,,T2,BB/HR,,,,,,
3641,318,368,0,0.136,0,32,31,,T2,BB/HR,,,,,,
3642,423,621,0,0.319,0,704,31,,T2,BB/HR,,,,,,
3643,538,928,0,0.420,0,477,31,,T2,BB/HR,,,,,,
3644,308,502,0,0.386,0,191,31,,T2,BB/HR,,,,,,
3645,647,788,0,0.179,0,587,31,,T2,BB/HR,,,,,,
3646,352,501,0,0.297,0,1032,31,,T2,BB/HR,,,,,,
3647,567,738,0,0.232,0,188,31,,T2,BB/HR,,,,,,
3648,524,935,0,0.440,0,559,28,,T2,BB/HR,,,,,,
3649,418,711,0,0.412,0,969,28,,T2,BB/HR,,,,,,
3650,407,538,0,0.243,0,1001,28,,T2,BB/HR,,,,,,
3651,539,663,0,0.187,0,560,31,,T2,BB/HR,,,,,,
3652,478,795,0,0.399,0,541,28,,T2,BB/HR,,,,,,
3653,370,540,0,0.315,0,550,31,,T2,BB/HR,,,,,,
3654,402,897,0,0.552,0,810,31,,T2,BB/HR,,,,,,
3655,255,389,0,0.344,0,1021,28,,T2,BB/HR,,,,,,
3656,466,517,0,0.099,0,769,,,T2,BB/HR,,,,,,
3657,390,486,0,0.198,0,806,,,T2,BB/HR,,,,,,
3658,411,730,0,0.437,0,625,28,,T2,BB/HR,,,,,,
3659,509,810,0,0.372,0,311,31,,T2,BB/HR,,,,,,
3660,743,1028,0,0.277,0,867,28,,T2,BB/HR,,,,,,
3661,796,1232,0,0.354,0,820,28,,T2,BB/HR,,,,,,
3662,425,524,0,0.189,0,807,28,,T2,BB/HR,,,,,,
3663,329,385,0,0.145,0,722,31,,T2,BB/HR,,,,,,
3664,680,880,0,0.227,0,772,2,,T2,BB/HR,,,,,,
3665,689,1009,0,0.317,0,525,31,,T2,BB/HR,,,,,,
3666,804,1092,0,0.264,0,500,28,,T2,BB/HR,,,,,,
3667,718,805,0,0.108,0,834,31,,T2,BB/HR,,,,,,
3668,781,1323,0,0.410,0,309,31,,T2,BB/HR,,,,,,
3669,436,614,0,0.290,0,893,31,,T2,BB/HR,,,,,,
3670,667,1159,0,0.425,0,81,,,T2,BB/HR,,,,,,
3775,304,404,0,0.248,0,510,28,31,T3,HR/BB,P,E,,,,
3776,118,226,0,0.478,0,700,28,31,T3,HR/BB,P,D,,,,
3777,118,223,0,0.471,0,847,28,31,T3,HR/BB,P,E,,,,
3778,179,242,0,0.260,0,677,28,31,T3,HR/BB,P,C,,,,
3779,209,281,0,0.256,0,638,28,31,T3,3,P,F,,,,
3780,143,172,0,0.169,0,356,28,31,T3,3,P,E,,,,
3781,194,298,0,0.349,0,817,31,31,T3,3,P,F,,,,
3782,540,619,0,0.128,0,783,31,31,T3,3,P,A,,,,
3783,217,327,0,0.336,0,992,31,31,T3,3,P,B,,,,
3784,928,975,0,0.048,0,530,31,31,T3,HR/BB,P,B,,,,
3785,552,736,0,0.250,0,628,31,31,T3,HR/BB,P,E,,,,
3786,190,255,0,0.255,0,176,31,31,T3,HR/BB,P,F,,,,
3787,89,175,0,0.491,0,622,31,31,T3,HR/BB,P,D,,,,
3788,434,469,0,0.075,0,686,31,31,T3,HR/BB,P,H,,,,
3789,111,149,0,0.255,0,890,31,31,T3,3,P,E,,,,
3790,183,314,0,0.417,0,567,31,31,T3,3,M,B,,,,
3791,91,134,0,0.321,0,851,31,31,T3,3,M,E,,,,
3793,29,58,0,0.500,0,828,31,31,T3,3,M,C,,,,
3794,6,29,0,0,0,919,31,31,T3,3,M,D,,,,
3795,451,584,0,0.228,0,719,28,31,T3,HR/BB,P,I,,,,
3796,196,343,0,0.429,0,689,31,31,T3,HR/BB,P,G,,,,
3797,247,468,0,0.472,0,599,31,31,T3,HR/BB,P,D,,,,
3798,325,487,0,0.333,0,609,31,31,T3,HR/BB,P,J,,,,
3799,348,405,0,0.141,0,940,31,31,T3,HR/BB,P,J,,,,
3800,66,124,0,0.468,0,903,31,31,T3,3,D,F,,,,
3801,125,224,0,0.442,0,21,28,31,T3,3,D,E,,,,
3802,62,109,0,0.431,0,294,28,31,T3,3,D,F,,,,
3803,37,71,0,0.479,0,321,28,31,T3,3,M,D,,,,
3804,136,224,0,0.393,0,499,28,31,T3,3,M,E,,,,
3805,190,321,0,0.408,0,330,31,31,T3,HR/BB,P,A,,,,
3806,528,621,0,0.150,0,216,31,31,T3,HR/BB,P,I,,,,
3807,325,485,0,0.330,0,527,28,31,T3,3,P,D,,,,
3808,301,523,0,0.424,0,761,31,31,T3,3,P,E,,,,
3809,61,122,0,0.500,0,594,28,31,T3,3,P,C,,,,
3810,129,200,0,0.355,0,789,28,31,T3,3,P,C,,,,
3812,657,822,0,0.201,0,352,31,28,T3,3,P,A,,,,
3813,669,877,0,0.237,0,820,31,28,T3,3,P,C,,,,
3814,677,968,0,0.301,0,968,31,28,T3,3,P,E,,,,
3815,659,1054,0,0.375,0,769,31,28,T3,3,P,E,,,,
3816,104,137,0,0.241,0,669,,28,T3,3,,,,,,
3817,753,1109,0,0.321,0,542,28,28,T3,3,P,D,,,,
3818,443,987,0,0.551,0,680,31,28,T3,3,D,E,,,,
3819,281,671,0,0.581,0,929,31,28,T3,3,D,F,,,,
3820,697,1038,0,0.329,0,666,28,28,T3,3,P,F,,,,
3821,539,770,0,0.300,0,486,28,28,T3,3,P,E,,,,
3822,366,961,0,0.619,0,756,31,28,T3,3,M,E,,,,
3823,644,1301,0,0.505,0,871,31,28,T3,3,M,C,,,,
3824,761,1464,0,0.480,0,1031,31,28,T3,3,M,B,,,,
3825,268,567,0,0.527,0,855,31,28,T3,3,M,D,,,,
3826,262,479,0,0.453,0,210,28,28,T3,3,M,D,,,,
3827,430,1128,0,0.619,0,621,31,28,T3,3,M,A,,,,
3828,342,868,0,0.606,0,485,28,28,T3,3,M,F,,,,
3829,404,1067,0,0.621,0,946,31,28,T3,3,M,F,,,,
3830,622,1208,0,0.485,0,572,28,28,T3,3,M,C,,,,
3831,332,694,0,0.522,0,861,,28,T3,,,,,,,
3832,463,577,0,0.198,0,806,,28,T3,HR/BB,P,,,,,
3833,352,518,0,0.320,0,704,31,28,T3,HR/BB,P,D,,,,
3834,136,224,0,0.393,0,1001,28,28,T3,HR/BB,P,G,,,,
3835,451,474,0,0.049,0,645,31,28,T3,HR/BB,P,B,,,,
3836,662,946,0,0.300,0,81,28,28,T3,HR/BB,P,J,,,,
3837,467,647,0,0.278,0,191,31,28,T3,HR/BB,P,D,,,,
3838,700,1130,0,0.381,0,627,28,28,T3,HR/BB,P,A,,,,
3839,412,900,0,0.542,0,559,28,28,T3,HR/BB,P,G,,,,
3840,520,713,0,0.271,0,1032,31,28,T3,HR/BB,P,J,,,,
3841,423,592,0,0.285,0,956,31,28,T3,HR/BB,P,F,,,,
3842,542,785,0,0.310,0,467,31,28,T3,HR/BB,P,E,,,,
3843,479,576,0,0.168,0,722,31,28,T3,HR/BB,P,I,,,,
3844,837,1026,0,0.184,0,768,,28,T3,HR/BB,P,,,,,
3845,309,438,0,0.295,0,22,31,28,T3,HR/BB,P,A,,,,
3846,344,422,0,0.185,0,531,31,28,T3,HR/BB,P,G,,,,
3847,246,322,0,0.236,0,812,28,28,T3,HR/BB,P,C,,,,
3848,436,587,0,0.257,0,311,31,28,T3,HR/BB,P,G,,,,
3849,208,251,0,0.171,0,227,31,28,T3,HR/BB,P,C,,,,
3850,754,1017,0,0.259,0,309,31,28,T3,HR/BB,P,J,,,,
3851,408,827,0,0.507,0,810,31,28,T3,HR/BB,P,I,,,,
3853,484,605,0,0.200,0,1021,28,28,T3,HR/BB,P,F,,,,
3854,766,1093,0,0.299,0,726,,28,T3,HR/BB,P,,,,,
3855,255,340,0,0.250,0,32,31,28,T3,HR/BB,P,D,,,,
3856,253,537,0,0.529,0,834,31,28,T3,HR/BB,P,H,,,,
3857,420,510,0,0.176,0,266,28,28,T3,HR/BB,P,A,,,,
3858,361,389,0,0.072,0,892,,28,T3,HR/BB,P,,,,,
3859,556,745,0,0.254,0,807,,28,T3,HR/BB,P,,,,,
3860,180,383,0,0.530,0,407,28,28,T3,HR/BB,P,D,,,,
3861,957,1073,0,0.108,0,867,28,28,T3,HR/BB,P,E,,,,
3862,520,695,0,0.252,0,625,28,28,T3,HR/BB,P,H,,,,
3863,301,353,0,0.147,0,217,31,28,T3,HR/BB,P,F,,,,
3864,831,1033,0,0.196,0,525,31,28,T3,HR/BB,P,I,,,,
3865,596,651,0,0.084,0,764,31,28,T3,HR/BB,P,I,,,,
3866,335,423,0,0.208,0,474,28,28,T3,HR/BB,P,D,,,,
3867,681,1011,0,0.326,0,969,28,28,T3,HR/BB,P,I,,,,
3868,434,640,0,0.322,0,295,28,28,T3,HR/BB,P,B,,,,
3869,757,1046,0,0.276,0,509,31,28,T3,HR/BB,P,A,,,,
3870,135,274,0,0.507,0,493,31,28,T3,HR/BB,P,C,,,,
3871,614,710,0,0.135,0,560,31,28,T3,HR/BB,P,G,,,,
3872,356,436,0,0.183,0,1010,31,28,T3,HR/BB,P,B,,,,
3874,326,489,0,0.333,0,939,31,28,T3,HR/BB,P,J,,,,
3875,355,479,0,0.259,0,782,31,28,T3,HR/BB,P,D,,,,
3876,134,305,0,0.561,0,592,31,28,T3,HR/BB,P,G,,,,
3877,277,378,0,0.267,0,914,28,28,T3,HR/BB,P,J,,,,
3878,443,575,0,0.230,0,780,28,28,T3,HR/BB,P,A,,,,
3879,126,200,0,0.370,0,526,31,28,T3,HR/BB,P,A,,,,
3880,187,234,0,0.201,0,547,28,28,T3,HR/BB,P,I,,,,
3881,310,435,0,0.287,0,382,28,28,T3,HR/BB,P,F,,,,
3882,141,221,0,0.362,0,648,31,28,T3,HR/BB,P,C,,,,
3883,253,401,0,0.369,0,684,28,28,T3,HR/BB,P,B,,,,
3884,161,196,0,0.179,0,608,28,28,T3,HR/BB,P,G,,,,
3885,388,559,0,0.306,0,231,31,28,T3,HR/BB,P,A,,,,
3886,85,133,0,0.361,0,338,31,28,T3,HR/BB,P,C,,,,
3888,82,120,0,0.317,0,307,31,28,T3,HR/BB,P,C,,,,
3889,45,78,0,0.423,0,984,31,28,T3,HR/BB,P,G,,,,
3890,375,487,0,0.230,0,811,31,28,T3,HR/BB,P,D,,,,
3891,241,463,0,0.479,0,682,28,28,T3,HR/BB,P,C,,,,
3892,366,494,0,0.259,0,224,28,28,T3,HR/BB,P,D,,,,
3893,224,325,0,0.311,0,671,31,28,T3,HR/BB,P,B,,,,
3894,459,674,0,0.319,0,203,28,28,T3,HR/BB,P,A,,,,
3895,147,281,0,0.477,0,844,31,28,T3,HR/BB,P,C,,,,
3896,490,617,0,0.206,0,206,28,28,T3,HR/BB,P,J,,,,
3897,150,185,0,0.189,0,985,,28,T3,HR/BB,P,,,,,
3899,377,467,0,0.193,0,811,31,31,T3,3,P,D,,,,
3900,143,208,0,0.313,0,816,31,31,T3,3,P,C,,,,
3901,223,480,0,0.535,0,794,31,31,T3,3,P,C,,,,
3902,173,199,0,0.131,0,521,31,31,T3,3,P,B,,,,
3903,216,257,0,0.160,0,814,31,31,T3,3,M,C,,,,
3904,352,425,0,0.172,0,791,31,31,T3,3,P,E,,,,
3905,133,186,0,0.285,0,936,31,31,T3,3,M,F,,,,
3906,160,213,0,0.249,0,816,31,31,T3,3,M,E,,,,
3907,64,85,0,0.247,0,804,31,31,T3,3,M,D,,,,
3908,111,206,0,0.461,0,480,31,31,T3,3,D,E,,,,
3909,219,339,0,0.354,0,695,28,31,T3,3,D,E,,,,
3910,223,362,0,0.384,0,574,28,31,T3,3,P,C,,,,
3911,344,469,0,0.267,0,610,28,31,T3,3,P,E,,,,
3912,277,438,0,0.368,0,93,28,31,T3,3,P,B,,,,
3913,56,96,0,0.417,0,263,28,31,T3,3,M,D,,,,
3914,155,266,0,0.417,0,478,28,31,T3,3,M,F,,,,
3915,51,142,0,0.641,0,1022,28,31,T3,3,M,C,,,,
3916,130,205,0,0.366,0,603,28,31,T3,3,M,E,,,,
3917,155,249,0,0.378,0,107,28,31,T3,3,M,B,,,,
3918,91,151,0,0.397,0,690,28,31,T3,3,M,F,,,,
3919,43,78,0,0.449,0,617,28,31,T3,3,M,A,,,,
3920,41,77,0,0.468,0,468,28,31,T3,3,M,C,,,,
3921,276,334,0,0.174,0,568,31,31,T3,HR/BB,P,E,,,,
3922,483,790,0,0.389,0,808,,31,T3,HR/BB,P,,,,,
3923,322,426,0,0.244,0,582,31,31,T3,HR/BB,P,I,,,,
3924,990,1098,0,0.098,0,767,28,31,T3,HR/BB,P,B,,,,
3925,307,373,0,0.177,0,205,31,31,T3,HR/BB,P,F,,,,
3926,90,142,0,0.366,0,927,28,31,T3,HR/BB,P,C,,,,
3927,389,450,0,0.136,0,819,31,31,T3,HR/BB,P,E,,,,
3928,473,604,0,0.217,0,503,28,31,T3,HR/BB,P,D,,,,
3929,209,392,0,0.467,0,838,31,31,T3,HR/BB,P,C,,,,
3930,280,500,0,0.440,0,293,31,31,T3,HR/BB,P,F,,,,
3931,297,587,0,0.494,0,220,28,31,T3,HR/BB,P,G,,,,
3932,307,516,0,0.405,0,833,28,31,T3,HR/BB,P,G,,,,
3933,258,438,0,0.411,0,208,28,31,T3,HR/BB,P,D,,,,
3934,498,570,0,0.126,0,571,31,31,T3,HR/BB,P,A,,,,
3935,1046,1120,0,0.066,0,702,28,31,T3,HR/BB,P,B,,,,
3936,214,457,0,0.532,0,583,28,31,T3,HR/BB,P,F,,,,
3937,285,404,0,0.295,0,896,28,31,T3,HR/BB,P,H,,,,
3938,183,361,0,0.493,0,839,31,31,T3,HR/BB,P,E,,,,
3939,223,500,0,0.554,0,668,31,31,T3,HR/BB,P,G,,,,
3940,144,334,0,0.569,0,418,31,31,T3,HR/BB,P,D,,,,
3941,65,116,0,0.440,0,190,28,31,T3,HR/BB,P,C,,,,
3943,281,580,0,0.516,0,892,28,28,T3,3,D,F,,,,
3944,412,893,0,0.539,0,297,28,28,T3,3,D,E,,,,
3945,372,912,0,0.592,0,931,28,28,T3,3,D,D,,,,
3946,719,1019,0,0.294,0,536,28,28,T3,3,P,C,,,,
3947,950,1228,0,0.226,0,598,,28,T3,3,,,,,,
3948,449,602,0,0.254,0,712,28,28,T3,3,P,E,,,,
3949,750,924,0,0.188,0,962,31,28,T3,3,P,C,,,,
3950,706,872,0,0.190,0,587,31,28,T3,HR/BB,P,E,,,,
3951,624,922,0,0.323,0,520,28,28,T3,HR/BB,P,A,,,,
3952,611,896,0,0.318,0,786,28,28,T3,HR/BB,P,C,,,,
3953,600,825,0,0.273,0,541,28,28,T3,HR/BB,P,J,,,,
3954,374,999,0,0.626,0,519,28,28,T3,3,M,F,,,,
3955,374,1011,0,0.630,0,487,28,28,T3,3,M,A,,,,
3956,480,954,0,0.497,0,995,28,28,T3,3,M,C,,,,
3957,422,874,0,0.517,0,523,28,28,T3,3,M,E,,,,
3958,727,1748,0,0.584,0,564,28,28,T3,3,M,B,,,,
3959,717,969,0,0.260,0,771,31,28,T3,HR/BB,P,I,,,,
3960,169,319,0,0.470,0,809,31,28,T3,HR/BB,P,C,,,,
3961,607,702,0,0.135,0,558,28,28,T3,HR/BB,P,D,,,,
3962,494,704,0,0.298,0,761,,28,T3,3,,,,,,
3963,468,719,0,0.349,0,830,31,28,T3,3,P,F,,,,
3964,443,577,0,0.232,0,825,28,28,T3,HR/BB,P,C,,,,
3965,666,854,0,0.220,0,477,31,28,T3,HR/BB,P,D,,,,
3966,473,484,0,0.023,0,522,31,28,T3,HR/BB,P,A,,,,
3967,272,845,0,0.678,0,818,31,28,T3,3,M,C,,,,
3968,335,862,0,0.611,0,842,31,28,T3,3,M,F,,,,
3969,270,682,0,0.604,0,656,31,28,T3,3,M,D,,,,
3970,781,1038,0,0.248,0,862,31,28,T3,3,P,B,,,,
3971,842,922,0,0.087,0,490,,28,T3,3,,,,,,
3972,641,972,0,0.341,0,800,31,28,T3,HR/BB,P,B,,,,
3973,533,645,0,0.174,0,893,31,28,T3,HR/BB,P,J,,,,
3974,415,554,0,0.251,0,908,31,28,T3,HR/BB,P,C,,,,
3975,474,1220,0,0.611,0,837,31,28,T3,3,M,F,,,,
3976,776,1118,0,0.306,0,911,31,28,T3,3,P,D,,,,
3977,282,320,0,0.119,0,550,31,28,T3,HR/BB,P,F,,,,
3978,487,569,0,0.144,0,790,28,28,T3,HR/BB,P,F,,,,
3979,782,1121,0,0.302,0,820,28,28,T3,HR/BB,P,H,,,,
3980,603,741,0,0.186,0,188,31,28,T3,HR/BB,P,H,,,,
3981,767,997,0,0.231,0,500,28,28,T3,HR/BB,P,I,,,,
3982,634,997,0,0.364,0,727,28,28,T3,HR/BB,P,E,,,,
